Symbol,Sector,MicroCategory
20MICRONS,NIFTY_CHEMICALS,Paints & Coatings - Industrial
21STCENMGM,NIFTY_CAPITAL_MKT,Stock Broking & Capital Markets
360ONE,NIFTY_CAPITAL_MKT,Asset Management (AMC) & Wealth Management - Retail
3BBLACKBIO,NIFTY_HEALTHCARE,Diagnostics & Pathology - Hospital Supply
3IINFOLTD,CNXIT,IT Services & Consulting
3MINDIA,NIFTY_MID_SELECT,Diversified Conglomerate
3PLAND,CNXFINANCE,Investment & Holding Companies
5PAISA,NIFTY_CAPITAL_MKT,Stock Broking & Capital Markets
63MOONS,CNXIT,BPO & ITES
A2ZINFRA,CNXENERGY,Power Transmission & Distribution - Utility / Government
AAATECH,CNXSERVICE,Consulting & Professional Services
AADHARHFC,CNXFINANCE,NBFC - Retail Lending
AAKASH,NIFTY_OIL_AND_GAS,Oil & Gas - Exploration & Production
AAREYDRUGS,CNXPHARMA,Active Pharmaceutical Ingredients (API)
AARNAV,NIFTY_INDIA_MFG,Textile Fabrics & Weaving
AARON,CNXMETAL,Steel - Flat Products
AARTECH,NIFTY_INDIA_MFG,Engineering Solutions & System Integration
AARTIDRUGS,CNXPHARMA,Active Pharmaceutical Ingredients (API)
AARTIIND,NIFTY_CHEMICALS,Specialty Chemicals
AARTIPHARM,CNXPHARMA,Active Pharmaceutical Ingredients (API)
AARTISURF,NIFTY_CHEMICALS,Personal Care & Cosmetics - Ingredient Supplier
AARVI,CNXSERVICE,Staffing & HR Services
AAVAS,NIFTY_HOUSING,NBFC - Housing Finance
ABANSENT,CNXCOMMODITIES,Agri Commodities Trading
ABB,CNXENERGY,Transformers & Switchgear
ABBOTINDIA,CNXPHARMA,Pharmaceutical Formulations
ABCAPITAL,CNXFINANCE,NBFC - Retail Lending
ABCOTS,NIFTY_INDIA_MFG,Cotton Spinning & Yarn
ABDL,CNXFMCG,Alcoholic Beverages
ABFRL,NIFTY_NEW_CONSUMP,Retail - Apparel & Lifestyle (Branded Retail)
ABINFRA,CNXINFRA,Construction - Civil & Infrastructure (Government / EPC)
ABLBL,NIFTY_NEW_CONSUMP,Retail - Apparel & Lifestyle (Branded Retail)
ABMINTLLTD,CNXCOMMODITIES,Agri Commodities Trading
ABMKNO,CNXIT,IT Services & Consulting
ABREL,CNXREALTY,Real Estate Development - Residential
ABSLAMC,NIFTY_CAPITAL_MKT,Asset Management (AMC) & Wealth Management - Retail
ACC,NIFTY_CEMENT,Cement - Retail & Consumer
ACCELYA,CNXIT,Software Products & SaaS
ACCURACY,NIFTY_TRANS_LOGIS,Logistics & Freight Services
ACE,NIFTY_INDIA_MFG,Industrial Equipment & Process Machinery
ACEINTEG,CNXIT,IT Services & Consulting
ACI,NIFTY_CHEMICALS,Specialty Chemicals
ACL,NIFTY_CEMENT,Cement - Industrial Supply
ACMESOLAR,CNXENERGY,Renewable Energy - Solar (Utility / Government IPP)
ACSTECH,CNXIT,IT Services & Consulting
ACUTAAS,NIFTY_CHEMICALS,Specialty Chemicals
ADANIENSOL,CNXENERGY,Power Transmission & Distribution - Industrial
ADANIENT,NIFTY_MID_SELECT,Diversified Conglomerate
ADANIGREEN,CNXENERGY,Renewable Energy - Solar (Utility / Government IPP)
ADANIPORTS,NIFTY_INFRALOG,Ports & Logistics Infrastructure
ADANIPOWER,CNXENERGY,Power Generation - Hydro
ADFFOODS,CNXFMCG,FMCG - Food & Beverages (Branded Consumer)
ADL,NIFTY_HOUSING,Plywood & Wood Panels
ADOR,NIFTY_INDIA_MFG,Engineering Solutions & System Integration
ADROITINFO,CNXIT,IT Services & Consulting
ADSL,CNXIT,IT Services & Consulting
ADVAIT,CNXENERGY,Power Transmission & Distribution - Industrial
ADVANCE,NIFTY_CHEMICALS,Agrochemicals & Crop Protection
ADVANIHOTR,NIFTY_IND_TOURISM,Hotels & Resorts
ADVENTHTL,NIFTY_IND_TOURISM,Hotels & Resorts
ADVENZYMES,CNXPHARMA,Biotechnology & Vaccines
AEGISLOG,NIFTY_TRANS_LOGIS,Logistics & Freight Services
AEGISVOPAK,NIFTY_IND_DEFENCE,Defence Equipment & Systems - Private/OEM
AEPL,CNXINFRA,EPC - Power & Infrastructure (Government)
AEQUS,NIFTY_INDIA_MFG,Forgings
AEROENTER,CNXMETAL,Stainless Steel
AEROFLEX,CNXMETAL,Stainless Steel
AERONEU,NIFTY_INDIA_MFG,Packaging - General
AETHER,NIFTY_CHEMICALS,Specialty Chemicals
AFCONS,CNXINFRA,EPC - Power & Infrastructure (Government)
AFFLE,CNXSERVICE,Advertising & Marketing Services
AFFORDABLE,NIFTY_INDIA_MFG,Industrial Equipment & Process Machinery
AFIL,CNXFINANCE,NBFC - Diversified/SME Lending
AFSL,NIFTY_CAPITAL_MKT,Stock Broking & Capital Markets
AGARIND,NIFTY_OIL_AND_GAS,Petrochemicals
AGARWALEYE,NIFTY_HEALTHCARE,Hospitals & Healthcare Delivery - Consumer
AGI,CNXFMCG,Alcoholic Beverages
AGIIL,CNXREALTY,Real Estate Development - Residential
AGRITECH,CNXCOMMODITIES,Agri Commodities Trading
AGROPHOS,CNXCOMMODITIES,Fertilizers
AHCL,CNXPHARMA,Active Pharmaceutical Ingredients (API)
AHLADA,CNXINFRA,Building Materials & Steel Products
AHLEAST,NIFTY_IND_TOURISM,Hotels & Resorts
AHLUCONT,CNXINFRA,EPC - Power & Infrastructure (Private)
AHLWEST,NIFTY_IND_TOURISM,Hotels & Resorts
AIAENG,NIFTY_INDIA_MFG,Industrial Equipment & Process Machinery
AIIL,CNXFINANCE,NBFC - Diversified/SME Lending
AIRAN,CNXIT,BPO & ITES
AIROLAM,NIFTY_HOUSING,Plywood & Wood Panels
AJANTPHARM,CNXPHARMA,Pharmaceutical Formulations
AJAXENGG,NIFTY_INDIA_MFG,Pumps & Valves
AJMERA,CNXREALTY,Real Estate Development - Residential
AJOONI,CNXFMCG,FMCG - Food & Beverages (Ingredient Supplier)
AKASH,CNXINFRA,Construction - Civil & Infrastructure (Government / EPC)
AKCAPIT,NIFTY_CAPITAL_MKT,Stock Broking & Capital Markets
AKG,CNXCOMMODITIES,Agri Commodities Trading
AKI,NIFTY_INDIA_MFG,Footwear - Manufacturing & Export
AKSHAR,NIFTY_INDIA_MFG,Cotton Spinning & Yarn
AKSHARCHEM,NIFTY_CHEMICALS,Dyes & Pigments
AKSHOPTFBR,CNXSERVICE,Telecom Services - Enterprise
AKUMS,CNXPHARMA,Contract Research & Manufacturing (CRAMS/CDMO)
ALANKIT,NIFTY_IND_DIGITAL,Fintech & Digital Financial Services
ALBERTDAVD,CNXPHARMA,Pharmaceutical Formulations
ALEMBICLTD,CNXREALTY,Real Estate Development - Residential
ALGOQUANT,NIFTY_IND_DIGITAL,Fintech & Digital Financial Services
ALICON,CNXAUTO,Auto Ancillaries & Precision Components
ALIVUS,CNXPHARMA,Active Pharmaceutical Ingredients (API)
ALKALI,NIFTY_CHEMICALS,Specialty Chemicals
ALKEM,CNXPHARMA,Pharmaceutical Formulations
ALKYLAMINE,NIFTY_CHEMICALS,Specialty Chemicals
ARSHIYA,NIFTY_TRANS_LOGIS,Logistics & Freight Services
ALLDIGI,CNXIT,BPO & ITES
ALLTIME,NIFTY_CONSR_DURBL,Consumer Durables - OEM Supply
ALMONDZ,NIFTY_CAPITAL_MKT,Asset Management (AMC) & Wealth Management - Institutional
ALOKINDS,NIFTY_INDIA_MFG,Cotton Spinning & Yarn
ALPA,CNXPHARMA,Pharmaceutical Formulations
ALPHAGEO,NIFTY_OIL_AND_GAS,Oil & Gas - Exploration & Production
AMAGI,CNXIT,Software Products & SaaS
AMANTA,CNXPHARMA,Pharmaceutical Formulations
AMBALALSA,CNXPHARMA,Pharmaceutical Formulations
AMBER,NIFTY_INDIA_MFG,Electronics Manufacturing Services (EMS)
AMBICAAGAR,NIFTY_NEW_CONSUMP,Consumer Lifestyle Products & Accessories
AMBIKCO,NIFTY_INDIA_MFG,Cotton Spinning & Yarn
AMBUJACEM,NIFTY_CEMENT,Cement - Retail & Consumer
AMDIND,NIFTY_INDIA_MFG,Packaging - General
AMIRCHAND,CNXFMCG,FMCG - Food & Beverages (Ingredient Supplier)
AMJLAND,CNXREALTY,Real Estate Development - Commercial & Institutional
AMNPLST,NIFTY_CHEMICALS,Specialty Chemicals
AMRUTANJAN,CNXPHARMA,Pharmaceutical Formulations
ANANDRATHI,NIFTY_CAPITAL_MKT,Asset Management (AMC) & Wealth Management - Retail
ANANTRAJ,CNXREALTY,Real Estate Development - Residential
ANDHRAPAP,NIFTY_INDIA_MFG,Paper & Paperboard Manufacturing
ANDHRSUGAR,NIFTY_CHEMICALS,Industrial Gases & Chemicals
ANGELONE,NIFTY_CAPITAL_MKT,Asset Management (AMC) & Wealth Management - Retail
ANIKINDS,CNXCOMMODITIES,Agri Commodities Trading
ANKITMETAL,CNXMETAL,Steel - Long Products
ANMOL,CNXCOMMODITIES,Agri Commodities Trading
ANSALAPI,CNXREALTY,Real Estate Development - Residential
ANTELOPUS,NIFTY_OIL_AND_GAS,Oil & Gas - Exploration & Production
ANTGRAPHIC,NIFTY_INDIA_MFG,Paper & Paperboard Manufacturing
ANTHEM,CNXPHARMA,Contract Research & Manufacturing (CRAMS/CDMO)
ANUHPHR,CNXPHARMA,Active Pharmaceutical Ingredients (API)
ANUP,NIFTY_INDIA_MFG,Industrial Equipment & Process Machinery
ANURAS,NIFTY_CHEMICALS,Specialty Chemicals
APARINDS,CNXENERGY,Transformers & Switchgear
APCL,NIFTY_CEMENT,Cement - Industrial Supply
APCOTEXIND,NIFTY_CHEMICALS,Specialty Chemicals
APEX,CNXCOMMODITIES,Aquaculture & Marine Products
APLAPOLLO,CNXMETAL,Steel - Long Products
APLLTD,CNXPHARMA,Pharmaceutical Formulations
APOLLO,NIFTY_IND_DEFENCE,Defence Electronics & Avionics - Government
APOLLOHOSP,NIFTY_HEALTHCARE,Hospitals & Healthcare Delivery - Consumer
APOLLOPIPE,CNXINFRA,Plastic Pipes
APOLLOTYRE,CNXAUTO,Tyres & Rubber Products
APOLSINHOT,CNXSERVICE,Security & Facility Management Services
APTECHT,NIFTY_IND_DIGITAL,Education & EdTech - Consumer
APTUS,NIFTY_HOUSING,NBFC - Housing Finance
AQYLON,CNXMEDIA,Media - Broadcasting & TV
ARCHIDPLY,NIFTY_HOUSING,Plywood & Wood Panels
ARCHIES,NIFTY_NEW_CONSUMP,Toys & Stationery
ARE&M,CNXAUTO,Automotive Components - Electrical & Electronics
ARENTERP,CNXMETAL,Mining - Iron Ore & Minerals
ARFIN,CNXMETAL,Aluminium & Aluminium Products
ARIES,NIFTY_CHEMICALS,Agrochemicals & Crop Protection
ARIHANT,CNXREALTY,Real Estate Development - Residential
ARIHANTCAP,NIFTY_CAPITAL_MKT,Asset Management (AMC) & Wealth Management - Retail
ARIHANTSUP,CNXREALTY,Real Estate Development - Residential
ARIS,CNXINFRA,Building Materials & Steel Products
ARKADE,CNXREALTY,Real Estate Development - Residential
ARMANFIN,CNXFINANCE,NBFC - Microfinance (Retail / Direct)
AROGRANITE,NIFTY_HOUSING,Tiles & Sanitaryware
ARROWGREEN,NIFTY_INDIA_MFG,Packaging - General
ATL,NIFTY_TRANS_LOGIS,Logistics & Freight Services
ARSSBL,NIFTY_CAPITAL_MKT,Stock Broking & Capital Markets
ARTEMISMED,NIFTY_HEALTHCARE,Hospitals & Healthcare Delivery - Consumer
ARTNIRMAN,CNXREALTY,Real Estate Development - Residential
ARVEE,NIFTY_CHEMICALS,Specialty Chemicals
ARVIND,NIFTY_NEW_CONSUMP,Garments & Apparel
ARVINDFASN,NIFTY_NEW_CONSUMP,Retail - Apparel & Lifestyle (Branded Retail)
ARVSMART,CNXREALTY,Real Estate Development - Residential
ASAHIINDIA,NIFTY_HOUSING,Tiles & Sanitaryware
ASAHISONG,NIFTY_CHEMICALS,Dyes & Pigments
ASAL,CNXAUTO,Automotive Components - Body & Chassis
ASALCBR,CNXFMCG,Alcoholic Beverages
ASHAPURMIN,CNXMETAL,Mining - Iron Ore & Minerals
ASHIANA,CNXREALTY,Real Estate Development - Residential
ASHIKA,CNXFINANCE,NBFC - Diversified/SME Lending
ASHIMASYN,CNXREALTY,Real Estate Development - Residential
ASHOKA,CNXINFRA,EPC - Power & Infrastructure (Government)
ASHOKAMET,CNXMETAL,Steel - Long Products
ASHOKLEY,CNXAUTO,Commercial Vehicles - OEM
ASIANENE,NIFTY_OIL_AND_GAS,Oil & Gas - Exploration & Production
ASIANHOTNR,NIFTY_IND_TOURISM,Hotels & Resorts
ASIANPAINT,NIFTY_NEW_CONSUMP,Paints & Coatings - Decorative / Consumer
ASIANTILES,NIFTY_HOUSING,Tiles & Sanitaryware
ASKAUTOLTD,CNXAUTO,Auto Ancillaries & Precision Components
ASMS,NIFTY_HEALTHCARE,Diagnostics & Pathology - Hospital Supply
ASPINWALL,NIFTY_TRANS_LOGIS,Logistics & Freight Services
ASTAR,CNXCOMMODITIES,Gems & Jewellery - Wholesale & Export
ASTEC,NIFTY_CHEMICALS,Specialty Chemicals
ASTERDM,NIFTY_HEALTHCARE,Hospitals & Healthcare Delivery - Consumer
ASTRAL,CNXINFRA,Plastic Pipes
ASTRAMICRO,NIFTY_IND_DEFENCE,Defence Electronics & Avionics - Government
ASTRAZEN,CNXPHARMA,Pharmaceutical Formulations
ASTRON,NIFTY_INDIA_MFG,Paper & Paperboard Manufacturing
ATALREAL,CNXINFRA,Construction - Civil & Infrastructure (Government / EPC)
ATAM,NIFTY_INDIA_MFG,Pumps & Valves
ATGL,NIFTY_OIL_AND_GAS,Oil & Gas - Exploration & Production
ATHERENERG,CNXAUTO,Two & Three Wheelers - OEM (Consumer)
AVG,NIFTY_TRANS_LOGIS,Logistics & Freight Services
ATLANTAA,CNXINFRA,EPC - Power & Infrastructure (Government)
ATLANTAELE,CNXENERGY,Transformers & Switchgear
ATLASCYCLE,NIFTY_CONSR_DURBL,Consumer Durables & Home Appliances
ATUL,NIFTY_CHEMICALS,Specialty Chemicals
ATULAUTO,CNXAUTO,Two & Three Wheelers - OEM (Consumer)
AUBANK,NIFTYPVTBANK,Banks - Retail
AURIGROW,CNXMETAL,Aluminium & Aluminium Products
AURIONPRO,CNXIT,IT Services & Consulting
AUROPHARMA,CNXPHARMA,Pharmaceutical Formulations
AURUM,CNXIT,Software Products & SaaS
AUSOMENT,CNXCOMMODITIES,Gems & Jewellery - Wholesale & Export
AUTOAXLES,CNXAUTO,Auto Ancillaries & Precision Components
AUTOIND,CNXAUTO,Automotive Components - Body & Chassis
AVADHSUGAR,CNXCOMMODITIES,Sugar Manufacturing
AVALON,NIFTY_INDIA_MFG,Electronics Manufacturing Services (EMS)
AVANTEL,NIFTY_IND_DEFENCE,Defence Electronics & Avionics - Government
AVANTIFEED,CNXCOMMODITIES,Aquaculture & Marine Products
BALMLAWRIE,CPSE,Diversified Conglomerate
AVL,NIFTY_CONSR_DURBL,Consumer Durables - Branded Retail
AVONMORE,NIFTY_CAPITAL_MKT,Stock Broking & Capital Markets
AVROIND,NIFTY_CONSR_DURBL,Consumer Durables - OEM Supply
AVTNPL,NIFTY_CHEMICALS,Specialty Chemicals
AWFIS,CNXREALTY,Real Estate Development - Commercial & Institutional
AWHCL,CNXSERVICE,Security & Facility Management Services
AWL,CNXFMCG,FMCG - Food & Beverages (Branded Consumer)
AXISBANK,NIFTYPVTBANK,Banks - Retail
AXISCADES,NIFTY_INDIA_MFG,Engineering Solutions & System Integration
AXITA,NIFTY_INDIA_MFG,Cotton Spinning & Yarn
AYE,CNXFINANCE,NBFC - Diversified/SME Lending
AYMSYNTEX,NIFTY_INDIA_MFG,Cotton Spinning & Yarn
AZAD,NIFTY_INDIA_MFG,Precision Engineering Components
BAFNAPH,CNXPHARMA,Pharmaceutical Formulations
BAGFILMS,CNXMEDIA,Media - Broadcasting & TV
BAIDFIN,CNXFINANCE,NBFC - Retail Lending
BAJAJ-AUTO,CNXAUTO,Two & Three Wheelers - OEM (Consumer)
BAJAJCON,CNXFMCG,Personal Care & Cosmetics - Branded Consumer
BAJAJELEC,NIFTY_CONSR_DURBL,Consumer Durables - Branded Retail
BAJAJFINSV,CNXFINANCE,Investment & Holding Companies
BAJAJHCARE,CNXPHARMA,Active Pharmaceutical Ingredients (API)
BAJAJHFL,NIFTY_HOUSING,NBFC - Housing Finance
BAJAJHIND,CNXCOMMODITIES,Sugar Manufacturing
BAJAJHLDNG,CNXFINANCE,Investment & Holding Companies
BAJAJINDEF,NIFTY_INDIA_MFG,Engineering Solutions & System Integration
BAJAJST,NIFTY_INDIA_MFG,Engineering Solutions & System Integration
BAJEL,CNXENERGY,Power Transmission & Distribution - Utility / Government
BAJFINANCE,CNXFINANCE,NBFC - Diversified/SME Lending
BALAJEE,NIFTY_INDIA_MFG,Textile Fabrics & Weaving
BALAJITELE,CNXMEDIA,Media - Broadcasting & TV
BALAMINES,NIFTY_CHEMICALS,Specialty Chemicals
BALAXI,CNXPHARMA,Pharmaceutical Formulations
BALKRISHNA,NIFTY_INDIA_MFG,Paper & Paperboard Manufacturing
BALKRISIND,CNXAUTO,Tyres & Rubber Products
BLACKBUCK,NIFTY_TRANS_LOGIS,Logistics & Freight Services
BALPHARMA,CNXPHARMA,Active Pharmaceutical Ingredients (API)
BALRAMCHIN,CNXCOMMODITIES,Sugar Manufacturing
BALUFORGE,NIFTY_INDIA_MFG,Forgings
BANARBEADS,CNXCOMMODITIES,Gems & Jewellery - Wholesale & Export
BANARISUG,CNXCOMMODITIES,Sugar Manufacturing
BANCOINDIA,CNXAUTO,Automotive Components - Engine & Drivetrain
BANDHANBNK,NIFTYPVTBANK,Banks - Retail
BANG,NIFTY_NEW_CONSUMP,Garments & Apparel
BANKA,CNXSERVICE,Security & Facility Management Services
BANKBARODA,CNXPSUBANK,Banks - Retail
BANKINDIA,CNXPSUBANK,Banks - Retail
BANSALWIRE,CNXMETAL,Stainless Steel
BANSWRAS,NIFTY_INDIA_MFG,Cotton Spinning & Yarn
BASF,NIFTY_CHEMICALS,Specialty Chemicals
BASML,NIFTY_INDIA_MFG,Cotton Spinning & Yarn
BATAINDIA,NIFTY_NEW_CONSUMP,Footwear - Branded Retail
BATLIBOI,NIFTY_INDIA_MFG,Engineering Solutions & System Integration
BAYERCROP,NIFTY_CHEMICALS,Agrochemicals & Crop Protection
BBL,CNXENERGY,Transformers & Switchgear
BBOX,CNXIT,IT Services & Consulting
BBTC,CNXFMCG,Tea & Coffee
BBTCL,NIFTY_INDIA_MFG,Packaging - General
BCG,CNXSERVICE,Advertising & Marketing Services
BCLIND,CNXFMCG,Edible Oil
BCONCEPTS,NIFTY_NEW_CONSUMP,Retail - Apparel & Lifestyle (Branded Retail)
BCPL,CNXINFRA,Construction - Civil & Infrastructure (Government / EPC)
BDL,CPSE,Defence Equipment & Systems - Government
BEARDSELL,CNXINFRA,Building Materials & Steel Products
BECTORFOOD,CNXFMCG,FMCG - Food & Beverages (Branded Consumer)
BEDMUTHA,CNXMETAL,Copper & Copper Products
BEEKAY,CNXMETAL,Steel - Long Products
BEL,CPSE,Defence Electronics & Avionics - Government
BELLACASA,NIFTY_NEW_CONSUMP,Retail - Apparel & Lifestyle (Wholesale)
BELRISE,CNXAUTO,Automotive Components - Body & Chassis
BEML,CPSE,Engineering Solutions & System Integration
BENGALASM,NIFTY_MID_SELECT,Diversified Conglomerate
BEPL,NIFTY_CONSR_DURBL,Consumer Durables - OEM Supply
BERGEPAINT,NIFTY_NEW_CONSUMP,Paints & Coatings - Decorative / Consumer
BESTAGRO,NIFTY_CHEMICALS,Agrochemicals & Crop Protection
BETA,CNXPHARMA,Contract Research & Manufacturing (CRAMS/CDMO)
BFINVEST,CNXFINANCE,Investment & Holding Companies
BFUTILITIE,CNXENERGY,Renewable Energy - Wind
BGRENERGY,CNXINFRA,EPC - Power & Infrastructure (Government)
BHAGCHEM,NIFTY_CHEMICALS,Agrochemicals & Crop Protection
BHAGERIA,NIFTY_CHEMICALS,Dyes & Pigments
BHAGYANGR,CNXMETAL,Copper & Copper Products
BHANDARI,NIFTY_NEW_CONSUMP,Garments & Apparel
BHARATCOAL,CNXMETAL,Mining - Iron Ore & Minerals
BHARATFORG,NIFTY_INDIA_MFG,Forgings
BHARATGEAR,CNXAUTO,Automotive Components - Engine & Drivetrain
BHARATRAS,NIFTY_CHEMICALS,Agrochemicals & Crop Protection
BHARATSE,CNXAUTO,Auto Ancillary - General Components
BHARATWIRE,NIFTY_INDIA_MFG,Precision Engineering Components
BHARTIARTL,CNXSERVICE,Telecom Services - Consumer
BHARTIHEXA,CNXSERVICE,Telecom Services - Consumer
BHEL,CPSE,EPC - Power & Infrastructure (Government)
BI,NIFTY_INDIA_MFG,Packaging - General
BIGBLOC,NIFTY_HOUSING,Tiles & Sanitaryware
BIKAJI,CNXFMCG,FMCG - Food & Beverages (Branded Consumer)
BIL,NIFTY_NEW_CONSUMP,Garments & Apparel
BILVYAPAR,CNXFINANCE,Investment & Holding Companies
BIMETAL,NIFTY_INDIA_MFG,Bearings
BIOCON,CNXPHARMA,Biotechnology & Vaccines
BIOFILCHEM,CNXPHARMA,Contract Research & Manufacturing (CRAMS/CDMO)
BIRLACABLE,CNXMETAL,Copper & Copper Products
BIRLACORPN,NIFTY_CEMENT,Cement - Retail & Consumer
BIRLAMONEY,NIFTY_CAPITAL_MKT,Asset Management (AMC) & Wealth Management - Retail
BIRLANU,NIFTY_HOUSING,Tiles & Sanitaryware
BIRLAPREC,CNXAUTO,Auto Ancillary - General Components
BLUEDART,NIFTY_TRANS_LOGIS,Logistics & Freight Services
BLACKROSE,NIFTY_CHEMICALS,Specialty Chemicals
BLAL,CNXREALTY,Real Estate Development - Commercial & Institutional
BLBLIMITED,NIFTY_CAPITAL_MKT,Stock Broking & Capital Markets
BLIL,CNXFINANCE,Investment & Holding Companies
BLISSGVS,CNXPHARMA,Pharmaceutical Formulations
BLKASHYAP,CNXINFRA,EPC - Power & Infrastructure (Private)
BLS,CNXIT,BPO & ITES
BLSE,NIFTY_IND_DIGITAL,Fintech & Digital Financial Services
BLUECOAST,NIFTY_IND_TOURISM,Hotels & Resorts
CONCOR,NIFTY_RAILWAYSPSU,Logistics & Freight Services
BLUEJET,CNXPHARMA,Contract Research & Manufacturing (CRAMS/CDMO)
BLUESTARCO,NIFTY_CONSR_DURBL,Consumer Durables - OEM Supply
BLUESTONE,NIFTY_NEW_CONSUMP,Gems & Jewellery - Retail & Consumer
BLUSPRING,CNXSERVICE,Telecom Services - Enterprise
BMWVENTLTD,CNXMETAL,Steel - Flat Products
BNAGROCHEM,CNXFMCG,Edible Oil
BNALTD,CNXFMCG,Tea & Coffee
BODALCHEM,NIFTY_CHEMICALS,Dyes & Pigments
BOHRAIND,CNXCOMMODITIES,Fertilizers
BOMDYEING,CNXREALTY,Real Estate Development - Commercial & Institutional
BONLON,CNXMETAL,Copper & Copper Products
BORANA,NIFTY_INDIA_MFG,Cotton Spinning & Yarn
BOROLTD,NIFTY_CONSR_DURBL,Consumer Durables - Branded Retail
BORORENEW,CNXENERGY,Renewable Energy - Solar (Private / Commercial)
BOROSCI,NIFTY_HEALTHCARE,Medical Devices & Equipment
BOSCH-HCIL,NIFTY_CONSR_DURBL,Consumer Durables - OEM Supply
BOSCHLTD,CNXAUTO,Auto Ancillary - General Components
BPCL,CPSE,Oil & Gas - Exploration & Production
BPL,NIFTY_INDIA_MFG,Electronic Components
BRIGADE,CNXREALTY,Real Estate Development - Residential
BRIGHOTEL,NIFTY_IND_TOURISM,Hotels & Resorts
BRITANNIA,CNXFMCG,FMCG - Food & Beverages (Branded Consumer)
BRNL,CNXINFRA,Construction - Civil & Infrastructure (Government / EPC)
BROOKS,CNXPHARMA,Contract Research & Manufacturing (CRAMS/CDMO)
BSE,NIFTY_CAPITAL_MKT,Stock Broking & Capital Markets
BSHSL,NIFTY_CHEMICALS,Agrochemicals & Crop Protection
BSL,NIFTY_INDIA_MFG,Cotton Spinning & Yarn
BSOFT,CNXIT,IT Services & Consulting
BTML,CNXMEDIA,Media - Broadcasting & TV
BTTL,NIFTY_INDIA_MFG,Cotton Spinning & Yarn
BUILDPRO,CNXINFRA,Building Materials & Steel Products
BUTTERFLY,NIFTY_CONSR_DURBL,Consumer Durables - Branded Retail
BVCL,NIFTY_CEMENT,Cement - Industrial Supply
BYKE,NIFTY_IND_TOURISM,Hotels & Resorts
CALSOFT,CNXIT,IT Services & Consulting
CAMLINFINE,NIFTY_CHEMICALS,Specialty Chemicals
CAMPUS,NIFTY_NEW_CONSUMP,Footwear - Branded Retail
CAMS,NIFTY_CAPITAL_MKT,Stock Broking & Capital Markets
CANBK,CNXPSUBANK,Banks - Retail
CANFINHOME,NIFTY_HOUSING,NBFC - Housing Finance
CANHLIFE,CNXFINANCE,Insurance - Life (Retail / Individual)
CANTABIL,NIFTY_NEW_CONSUMP,Retail - Apparel & Lifestyle (Branded Retail)
CAPACITE,CNXINFRA,Construction - Civil & Infrastructure (Private)
CAPILLARY,CNXIT,Software Products & SaaS
CAPITALSFB,NIFTYPVTBANK,Banks - Retail
CAPLIPOINT,CNXPHARMA,Pharmaceutical Formulations
CAPTRUST,CNXFINANCE,NBFC - Diversified/SME Lending
CARBORUNIV,NIFTY_CHEMICALS,Specialty Chemicals
CARERATING,NIFTY_CAPITAL_MKT,Stock Broking & Capital Markets
CARRARO,CNXAUTO,Automotive Components - Engine & Drivetrain
CARTRADE,NIFTY_INTERNET,Internet & E-commerce Platforms - SaaS
CARYSIL,NIFTY_CONSR_DURBL,Consumer Durables - OEM Supply
DENORA,NIFTY_CHEMICALS,Specialty Chemicals
CCAVENUE,NIFTY_IND_DIGITAL,Fintech & Digital Financial Services
CCCL,CNXINFRA,EPC - Power & Infrastructure (Private)
CCHHL,NIFTY_IND_TOURISM,Hotels & Resorts
CCL,CNXFMCG,Tea & Coffee
CDSL,NIFTY_CAPITAL_MKT,Stock Broking & Capital Markets
CEATLTD,CNXAUTO,Tyres & Rubber Products
CEIGALL,CNXINFRA,Construction - Civil & Infrastructure (Private)
CEINSYS,CNXIT,IT Services & Consulting
CELEBRITY,NIFTY_INDIA_MFG,Textile & Fabric Manufacturing
CELLO,NIFTY_NEW_CONSUMP,Toys & Stationery
CEMPRO,CNXINFRA,EPC - Power & Infrastructure (Private)
CENTENKA,CNXAUTO,Tyres & Rubber Products
ENDURANCE,CNXAUTO,Auto Ancillaries & Precision Components
CENTRALBK,CNXPSUBANK,Banks - Retail
CENTRUM,NIFTYPVTBANK,Banks - Corporate & Institutional
CENTUM,NIFTY_INDIA_MFG,Electronics Manufacturing Services (EMS)
CENTURYPLY,NIFTY_HOUSING,Plywood & Wood Panels
CERA,NIFTY_HOUSING,Tiles & Sanitaryware
CEREBRAINT,NIFTY_INDIA_MFG,Electronic Components
CESC,CNXENERGY,Power Generation - Hydro
CEWATER,CNXINFRA,Industrial Water & Wastewater Treatment
CGCL,CNXFINANCE,NBFC - Retail Lending
CGPOWER,CNXENERGY,Power Transmission & Distribution - Industrial
CHALET,NIFTY_IND_TOURISM,Hotels & Resorts
CHAMBLFERT,NIFTY_CHEMICALS,Agrochemicals & Crop Protection
DSFCL,NIFTY_CHEMICALS,Specialty Chemicals
EPIGRAL,NIFTY_CHEMICALS,Specialty Chemicals
FINEORG,NIFTY_CHEMICALS,Specialty Chemicals
FLUOROCHEM,NIFTY_CHEMICALS,Specialty Chemicals
CHEMPLASTS,NIFTY_CHEMICALS,Specialty Chemicals
CHENNPETRO,CPSE,Oil & Gas - Exploration & Production
CHEVIOT,NIFTY_INDIA_MFG,Cotton Spinning & Yarn
CHOICEIN,NIFTY_CAPITAL_MKT,Stock Broking & Capital Markets
CHOLAFIN,CNXFINANCE,NBFC - Diversified/SME Lending
CHOLAHLDNG,CNXFINANCE,Investment & Holding Companies
CIEINDIA,NIFTY_INDIA_MFG,Forgings
CIFL,CNXFINANCE,NBFC - Diversified/SME Lending
CINELINE,NIFTY_IND_TOURISM,Leisure & Entertainment Venues (Cinema & Amusement Parks)
CINEVISTA,CNXREALTY,Real Estate Development - Commercial & Institutional
CIPLA,CNXPHARMA,Pharmaceutical Formulations
GULFOILLUB,NIFTY_CHEMICALS,Specialty Chemicals
CLEANMAX,CNXENERGY,Renewable Energy - Solar (Private / Commercial)
CLEDUCATE,NIFTY_IND_DIGITAL,Education & EdTech - Consumer
CLSEL,CNXFMCG,FMCG - Food & Beverages (Ingredient Supplier)
CMPDI,CNXSERVICE,Consulting & Professional Services
GRAVITA,CNXMETAL,Zinc & Lead
DOLPHIN,NIFTY_OIL_AND_GAS,Oil & Gas - Exploration & Production
DLINKINDIA,CNXIT,IT Hardware & Networking
COALINDIA,CPSE,Mining - Iron Ore & Minerals
COASTCORP,CNXCOMMODITIES,Aquaculture & Marine Products
COCHINSHIP,CPSE,Defence Equipment & Systems - Private/OEM
COCKERILL,NIFTY_INDIA_MFG,Engineering Solutions & System Integration
COFFEEDAY,CNXFMCG,Tea & Coffee
COFORGE,CNXIT,IT Services & Consulting
HBSL,CNXFINANCE,Investment & Holding Companies
COLPAL,NIFTY_CHEMICALS,Personal Care & Cosmetics - Ingredient Supplier
COMFINTE,CNXFMCG,Alcoholic Beverages
COMPINFO,CNXIT,IT Hardware & Networking
COMPUSOFT,CNXSERVICE,Education & EdTech - Institutional
COMSYN,NIFTY_INDIA_MFG,Technical Textiles
FMNL,CNXREALTY,Real Estate Development - Commercial & Institutional
CONCORDBIO,CNXPHARMA,Active Pharmaceutical Ingredients (API)
CONFIPET,NIFTY_INDIA_MFG,Pumps & Valves
CONSOFINVT,CNXFINANCE,Investment & Holding Companies
CONTROLPR,NIFTY_INDIA_MFG,Engineering Solutions & System Integration
CORALFINAC,CNXREALTY,Real Estate Development - Commercial & Institutional
CORDSCABLE,CNXENERGY,Power Transmission & Distribution - Industrial
COROMANDEL,NIFTY_CHEMICALS,Agrochemicals & Crop Protection
CORONA,CNXPHARMA,Pharmaceutical Formulations
HGM,NIFTY_INDIA_MFG,Packaging - General
COUNCODOS,CNXREALTY,Real Estate Development - Residential
CPCAP,CNXFINANCE,NBFC - Diversified/SME Lending
CPEDU,NIFTY_IND_DIGITAL,Education & EdTech - Consumer
CPPLUS,NIFTY_INDIA_MFG,Electronic Components
HPAL,NIFTY_CHEMICALS,Specialty Polymers & Compounds
CRAMC,NIFTY_CAPITAL_MKT,Asset Management (AMC) & Wealth Management - Institutional
CREATIVEYE,CNXMEDIA,Media - Broadcasting & TV
CREDITACC,CNXFINANCE,NBFC - Microfinance (Wholesale / Institutional)
CREST,CNXFINANCE,NBFC - Diversified/SME Lending
CRISIL,NIFTY_CAPITAL_MKT,Stock Broking & Capital Markets
CRIZAC,CNXSERVICE,Education & EdTech - Institutional
CROMPTON,NIFTY_CONSR_DURBL,Consumer Durables - OEM Supply
CROWN,NIFTY_INDIA_MFG,Engineering Solutions & System Integration
CSBBANK,NIFTYPVTBANK,Banks - Retail
CSLFINANCE,CNXFINANCE,NBFC - Diversified/SME Lending
CTE,CNXSERVICE,Consulting & Professional Services
CUB,NIFTYPVTBANK,Banks - Retail
CUBEXTUB,CNXMETAL,Copper & Copper Products
CUMMINSIND,NIFTY_INDIA_MFG,Engineering Solutions & System Integration
CUPID,NIFTY_HEALTHCARE,Medical Devices & Equipment
CURAA,CNXIT,IT Services & Consulting
CYBERMEDIA,CNXIT,IT Services & Consulting
CYBERTECH,CNXIT,IT Services & Consulting
CYIENT,CNXIT,IT Services & Consulting
CYIENTDLM,NIFTY_INDIA_MFG,Electronics Manufacturing Services (EMS)
DABUR,CNXFMCG,FMCG - Food & Beverages (Branded Consumer)
HIKAL,NIFTY_CHEMICALS,Specialty Chemicals
HINDCOMPOS,NIFTY_CHEMICALS,Specialty Chemicals
DALMIASUG,CNXCOMMODITIES,Sugar Manufacturing
DAMCAPITAL,NIFTY_CAPITAL_MKT,Stock Broking & Capital Markets
DAMODARIND,NIFTY_INDIA_MFG,Cotton Spinning & Yarn
DANGEE,CNXFMCG,FMCG - Food & Beverages (Ingredient Supplier)
DATAMATICS,CNXIT,BPO & ITES
DATAPATTNS,NIFTY_IND_DEFENCE,Defence Electronics & Avionics - Government
DAVANGERE,CNXCOMMODITIES,Sugar Manufacturing
DBCORP,CNXMEDIA,Media - Print & Publishing
DBEIL,CNXINFRA,Construction - Civil & Infrastructure (Government / EPC)
DBL,CNXINFRA,EPC - Power & Infrastructure (Private)
DBOL,CNXCOMMODITIES,Sugar Manufacturing
DBREALTY,CNXREALTY,Real Estate Development - Commercial & Institutional
DBSTOCKBRO,NIFTY_CAPITAL_MKT,Stock Broking & Capital Markets
DCAL,CNXPHARMA,Contract Research & Manufacturing (CRAMS/CDMO)
DCBBANK,NIFTYPVTBANK,Banks - Corporate & Institutional
EBGNG,CNXIT,IT Hardware & Networking
ELECTCAST,CNXINFRA,Industrial Water & Wastewater Treatment
DCMFINSERV,CNXFINANCE,NBFC - Diversified/SME Lending
DCMNVL,NIFTY_INDIA_MFG,Cotton Spinning & Yarn
DCMSHRIRAM,NIFTY_MID_SELECT,Diversified Conglomerate
DCMSIL,CNXCOMMODITIES,Sugar Manufacturing
DCMSRIND,CNXAUTO,Tyres & Rubber Products
IGCL,NIFTY_CHEMICALS,Agrochemicals & Crop Protection
DCXINDIA,NIFTY_IND_DEFENCE,Defence Electronics & Avionics - Private/OEM
DDEVPLSTIK,NIFTY_CHEMICALS,Specialty Polymers & Compounds
DECCANCE,NIFTY_CEMENT,Cement - Industrial Supply
DECNGOLD,CNXMETAL,Mining - Iron Ore & Minerals
DEEDEV,NIFTY_INDIA_MFG,Engineering Solutions & System Integration
DEEPAKFERT,CNXCOMMODITIES,Fertilizers
DEEPAKNTR,NIFTY_CHEMICALS,Specialty Chemicals
DEEPINDS,NIFTY_OIL_AND_GAS,Oil & Gas - Exploration & Production
GESHIP,NIFTY_TRANS_LOGIS,Logistics & Freight Services
DELPHIFX,NIFTY_CAPITAL_MKT,Stock Broking & Capital Markets
DELTACORP,CNXMEDIA,Media - Broadcasting & TV
DELTAMAGNT,NIFTY_INDIA_MFG,Electronic Components
DEN,CNXSERVICE,Telecom Services - Enterprise
IGPL,NIFTY_CHEMICALS,Specialty Chemicals
DENTA,CNXINFRA,EPC - Power & Infrastructure (Government)
DEVIT,CNXSERVICE,Consulting & Professional Services
DEVX,CNXREALTY,Real Estate Development - Commercial & Institutional
DEVYANI,NIFTY_NEW_CONSUMP,QSR & Restaurants (Branded Chains)
DGCONTENT,CNXMEDIA,Media - Broadcasting & TV
DHAMPURSUG,CNXCOMMODITIES,Sugar Manufacturing
DHANBANK,NIFTYPVTBANK,Banks - Corporate & Institutional
DHANUKA,NIFTY_CHEMICALS,Agrochemicals & Crop Protection
DHARAN,CNXREALTY,Real Estate Development - Residential
DHARMAJ,NIFTY_CHEMICALS,Agrochemicals & Crop Protection
DHRUV,CNXSERVICE,Consulting & Professional Services
DHUNINV,CNXFINANCE,NBFC - Diversified/SME Lending
DIACABS,CNXENERGY,Power Transmission & Distribution - Industrial
INDIAGLYCO,NIFTY_CHEMICALS,Specialty Chemicals
DIAMONDYD,CNXFMCG,FMCG - Food & Beverages (Branded Consumer)
DICIND,NIFTY_INDIA_MFG,Flexible Packaging
DIFFNKG,NIFTY_INDIA_MFG,Engineering Solutions & System Integration
DIGIDRIVE,NIFTY_CONSR_DURBL,Consumer Durables - Branded Retail
DIGISPICE,CNXSERVICE,Telecom Services - Enterprise
DIGITIDE,CNXIT,BPO & ITES
DIGJAMLMTD,NIFTY_INDIA_MFG,Textile Fabrics & Weaving
KIRLFER,NIFTY_INDIA_MFG,Castings
DISHTV,CNXSERVICE,Telecom Services - Enterprise
DIVGIITTS,CNXAUTO,Automotive Components - Engine & Drivetrain
DIVISLAB,CNXPHARMA,Active Pharmaceutical Ingredients (API)
DIXON,NIFTY_INDIA_MFG,Electronics Manufacturing Services (EMS)
GSLSU,CNXINFRA,Building Materials & Steel Products
DLF,CNXREALTY,Real Estate Development - Commercial & Institutional
OPTIEMUS,CNXIT,IT Hardware & Networking
DMART,NIFTY_NEW_CONSUMP,Retail - Apparel & Lifestyle (Branded Retail)
INDNIPPON,CNXAUTO,Automotive Components - Electrical & Electronics
DNAMEDIA,CNXMEDIA,Media - Print & Publishing
DODLA,CNXFMCG,Dairy & Dairy Products
DOLATALGO,NIFTY_CAPITAL_MKT,Stock Broking & Capital Markets
DOLLAR,NIFTY_NEW_CONSUMP,Garments & Apparel
IL&FSTRANS,NIFTY_TRANS_LOGIS,Logistics & Freight Services
DOMS,NIFTY_NEW_CONSUMP,Toys & Stationery
DONEAR,NIFTY_INDIA_MFG,Textile Fabrics & Weaving
DPABHUSHAN,CNXCOMMODITIES,Gems & Jewellery - Wholesale & Export
DPSCLTD,CNXENERGY,Power Generation - Hydro
DPWIRES,CNXENERGY,Wires & Cables
DRAGARWQ,NIFTY_HEALTHCARE,Hospitals & Healthcare Delivery - Consumer
DRCSYSTEMS,CNXIT,IT Services & Consulting
DREAMFOLKS,NIFTY_INFRALOG,Ports & Logistics Infrastructure
DREDGECORP,NIFTY_INFRALOG,Ports & Logistics Infrastructure
DRREDDY,CNXPHARMA,Pharmaceutical Formulations
INDOAMIN,NIFTY_CHEMICALS,Specialty Chemicals
DSSL,NIFTY_INDIA_MFG,Engineering Solutions & System Integration
DTIL,CNXFMCG,Tea & Coffee
DUCON,CNXINFRA,EPC - Power & Infrastructure (Private)
DVL,CNXFINANCE,Investment & Holding Companies
DWARKESH,CNXCOMMODITIES,Sugar Manufacturing
DYCL,CNXENERGY,Wires & Cables
DYNAMATECH,CNXAUTO,Automotive Components - Engine & Drivetrain
DYNPRO,NIFTY_CHEMICALS,Dyes & Pigments
E2E,CNXIT,IT Services & Digital Solutions
EASEMYTRIP,NIFTY_INTERNET,Internet & E-commerce Platforms - Consumer
EASTSILK,NIFTY_INDIA_MFG,Textile & Fabric Manufacturing
PANACHE,CNXIT,IT Hardware & Networking
ECLERX,CNXIT,BPO & ITES
ECOSMOBLTY,NIFTY_TRANS_LOGIS,Logistics & Freight Services
EDELWEISS,NIFTY_CAPITAL_MKT,Stock Broking & Capital Markets
EFCIL,CNXREALTY,Real Estate Development - Commercial & Institutional
EICHERMOT,CNXAUTO,Commercial Vehicles - OEM
EIDPARRY,CNXCOMMODITIES,Sugar Manufacturing
EIEL,CNXINFRA,Industrial Water & Wastewater Treatment
EIFFL,CNXFMCG,FMCG - Food & Beverages (Ingredient Supplier)
EIHAHOTELS,NIFTY_IND_TOURISM,Hotels & Resorts
EIHOTEL,NIFTY_IND_TOURISM,Hotels & Resorts
EIMCOELECO,NIFTY_INDIA_MFG,Industrial Equipment & Process Machinery
EKC,NIFTY_CHEMICALS,Industrial Gases & Chemicals
ELANTAS,CNXENERGY,Transformers & Switchgear
ELCIDIN,CNXFINANCE,Investment & Holding Companies
ELDEHSG,CNXREALTY,Real Estate Development - Commercial & Institutional
HEIDELBERG,NIFTY_CEMENT,Cement - Industrial Supply
LAXMIINDIA,CNXFINANCE,NBFC - Diversified/SME Lending
ELECTHERM,CNXMETAL,Steel - Long Products
ELGIEQUIP,NIFTY_INDIA_MFG,Engineering Solutions & System Integration
ELGIRUBCO,CNXAUTO,Tyres & Rubber Products
ELIN,NIFTY_INDIA_MFG,Electronics Manufacturing Services (EMS)
ELITECON,CNXFMCG,FMCG - Food & Beverages (Ingredient Supplier)
INDSWFTLAB,CNXPHARMA,Active Pharmaceutical Ingredients (API)
ELPROINTL,NIFTY_MID_SELECT,Diversified Conglomerate
EMAMILTD,NIFTY_CHEMICALS,Personal Care & Cosmetics - Ingredient Supplier
EMAMIPAP,NIFTY_INDIA_MFG,Paper & Paperboard Manufacturing
EMAMIREAL,CNXREALTY,Real Estate Development - Commercial & Institutional
EMBDL,CNXREALTY,Real Estate Development - Commercial & Institutional
EMCURE,CNXPHARMA,Pharmaceutical Formulations
EMIL,NIFTY_CONSR_DURBL,Consumer Durables - Branded Retail
EMKAY,NIFTY_CAPITAL_MKT,Asset Management (AMC) & Wealth Management - Institutional
EMMBI,NIFTY_INDIA_MFG,Technical Textiles
EMMVEE,CNXENERGY,Renewable Energy - Solar (Private / Commercial)
EMPOWER,CNXIT,IT Hardware & Networking
EMSLIMITED,CNXINFRA,Industrial Water & Wastewater Treatment
EMUDHRA,CNXIT,IT Services & Digital Solutions
MANAKALUCO,CNXMETAL,Aluminium & Aluminium Products
ENERGYDEV,CNXENERGY,Renewable Energy - Wind
ENGINERSIN,CNXSERVICE,Consulting & Professional Services
ENIL,CNXMEDIA,Media - Broadcasting & TV
ENRIN,CNXENERGY,Power Transmission & Distribution - Industrial
ENTERO,NIFTY_HEALTHCARE,Healthcare - Diversified (Institutional)
EPACK,NIFTY_CONSR_DURBL,Consumer Durables - OEM Supply
EPACKPEB,CNXINFRA,Building Materials & Steel Products
INOXINDIA,NIFTY_CHEMICALS,Industrial Gases & Chemicals
EPL,NIFTY_INDIA_MFG,Packaging - General
EQUIPPP,CNXIT,IT Services & Consulting
EQUITASBNK,NIFTYPVTBANK,Banks - Corporate & Institutional
ERIS,CNXPHARMA,Generic Pharmaceutical Formulations
ESABINDIA,NIFTY_IND_DEFENCE,Defence Equipment & Systems - Private/OEM
ESAFSFB,CNXFINANCE,NBFC - Microfinance (Retail / Direct)
ESCORTS,CNXAUTO,Commercial Vehicles - OEM
JETFREIGHT,NIFTY_TRANS_LOGIS,Logistics & Freight Services
ESSENTIA,CNXCOMMODITIES,Agri Commodities Trading
ESTER,NIFTY_INDIA_MFG,Packaging - General
MAHLOG,NIFTY_TRANS_LOGIS,Logistics & Freight Services
ETHOSLTD,NIFTY_NEW_CONSUMP,Consumer Lifestyle Products & Accessories
EUREKAFORB,NIFTY_CONSR_DURBL,Consumer Durables & Home Appliances
MMP,CNXMETAL,Aluminium & Aluminium Products
EUROPRATIK,NIFTY_HOUSING,Plywood & Wood Panels
EUROTEXIND,NIFTY_INDIA_MFG,Cotton Spinning & Yarn
EVEREADY,NIFTY_CONSR_DURBL,Consumer Durables & Home Appliances
EVERESTIND,NIFTY_HOUSING,Tiles & Sanitaryware
IOLCP,NIFTY_CHEMICALS,Specialty Chemicals
EXCELSOFT,CNXIT,Software Products & SaaS
EXICOM,NIFTY_INDIA_MFG,Electronic Components
EXIDEIND,CNXAUTO,Automotive Components - Electrical & Electronics
EXPLEOSOL,CNXSERVICE,Consulting & Professional Services
EXXARO,NIFTY_HOUSING,Tiles & Sanitaryware
FABTECH,NIFTY_INDIA_MFG,Industrial Equipment & Process Machinery
FACT,CNXCOMMODITIES,Fertilizers
FAIRCHEMOR,NIFTY_CHEMICALS,Paints & Coatings - Industrial
FAZE3Q,NIFTY_INDIA_MFG,Technical Textiles
FCL,NIFTY_CHEMICALS,Specialty Chemicals
FCSSOFT,CNXIT,BPO & ITES
FDC,CNXPHARMA,Pharmaceutical Formulations
FEDDERSHOL,CNXFINANCE,Investment & Holding Companies
FEDERALBNK,NIFTYPVTBANK,Banks - Corporate & Institutional
FEDFINA,CNXFINANCE,NBFC - Diversified/SME Lending
FEL,CNXREALTY,Real Estate Development - Commercial & Institutional
FELDVR,NIFTY_MID_SELECT,Diversified Conglomerate
FERMENTA,CNXPHARMA,Biotechnology & Vaccines
FIBERWEB,NIFTY_INDIA_MFG,Technical Textiles
FIEMIND,CNXAUTO,Automotive Components - Electrical & Electronics
FILATEX,NIFTY_INDIA_MFG,Cotton Spinning & Yarn
FILATFASH,NIFTY_INDIA_MFG,Textile & Fabric Manufacturing
FINCABLES,CNXMETAL,Copper & Copper Products
IVC,NIFTY_CAPITAL_MKT,Asset Management (AMC) & Wealth Management - Institutional
FINKURVE,CNXFINANCE,NBFC - Retail Lending
FINOPB,NIFTYPVTBANK,Banks - Corporate & Institutional
FINPIPE,CNXINFRA,Plastic Pipes
FIRSTCRY,NIFTY_INTERNET,Internet & E-commerce Platforms - SaaS
FISCHER,NIFTY_HEALTHCARE,Diagnostics & Pathology - Hospital Supply
FIVESTAR,CNXFINANCE,NBFC - Diversified/SME Lending
FLAIR,NIFTY_NEW_CONSUMP,Toys & Stationery
FLEXITUFF,NIFTY_INDIA_MFG,Technical Textiles
FLFL,NIFTY_NEW_CONSUMP,Retail - Apparel & Lifestyle (Wholesale)
JAYNECOIND,CNXMETAL,Integrated Steel Producers
FMGOETZE,CNXAUTO,Automotive Components - Engine & Drivetrain
MALLCOM,NIFTY_CONSR_DURBL,Consumer Durables - OEM Supply
FOCUS,NIFTY_CONSR_DURBL,Consumer Durables - OEM Supply
FOODSIN,CNXFMCG,FMCG - Food & Beverages (Ingredient Supplier)
FORCEMOT,CNXAUTO,Auto Ancillary - General Components
FORTIS,NIFTY_HEALTHCARE,Hospitals & Healthcare Delivery - Consumer
NELCAST,NIFTY_INDIA_MFG,Castings
FRACTAL,CNXSERVICE,Consulting & Professional Services
FRONTSP,NIFTY_INDIA_MFG,Forgings
FSL,CNXIT,BPO & ITES
FUSION,CNXFINANCE,NBFC - Microfinance (Retail / Direct)
GABRIEL,CNXAUTO,Auto Ancillary - General Components
GAEL,CNXFMCG,FMCG - Food & Beverages (Ingredient Supplier)
GAIL,CPSE,Petrochemicals
GALAPREC,NIFTY_INDIA_MFG,Precision Engineering Components
GALAXYSURF,NIFTY_CHEMICALS,Personal Care & Cosmetics - Ingredient Supplier
GALLANTT,CNXMETAL,Steel - Long Products
GANDHAR,NIFTY_CHEMICALS,Personal Care & Cosmetics - Ingredient Supplier
GANDHITUBE,NIFTY_INDIA_MFG,Precision Engineering Components
GANECOS,NIFTY_INDIA_MFG,Cotton Spinning & Yarn
GANESHBE,NIFTY_IND_DEFENCE,Defence Equipment & Systems - Private/OEM
GANESHCP,CNXFMCG,FMCG - Food & Beverages (Ingredient Supplier)
GANESHHOU,CNXREALTY,Real Estate Development - Commercial & Institutional
GANGAFORGE,NIFTY_INDIA_MFG,Forgings
GANGESSECU,CNXFINANCE,Investment & Holding Companies
GARFIBRES,NIFTY_INDIA_MFG,Technical Textiles
GARUDA,CNXINFRA,EPC - Power & Infrastructure (Private)
GATECH,CNXIT,IT Services & Digital Solutions
GATECHDVR,CNXIT,Software Products & SaaS
MCLOUD,CNXIT,Software Products & SaaS
GAUDIUMIVF,NIFTY_HEALTHCARE,Hospitals & Healthcare Delivery - Consumer
GAYAHWS,CNXINFRA,Construction - Civil & Infrastructure (Government / EPC)
GAYAPROJ,CNXINFRA,Construction - Civil & Infrastructure (Government / EPC)
GCSL,NIFTY_CAPITAL_MKT,Stock Broking & Capital Markets
GEECEE,CNXREALTY,Real Estate Development - Commercial & Institutional
GEEKAYWIRE,CNXENERGY,Wires & Cables
GEMAROMA,NIFTY_CHEMICALS,Personal Care & Cosmetics - Ingredient Supplier
GENCON,CNXINFRA,EPC - Power & Infrastructure (Private)
GENESYS,CNXIT,IT Services & Consulting
GENUSPAPER,NIFTY_INDIA_MFG,Paper & Paperboard Manufacturing
GENUSPOWER,NIFTY_INDIA_MFG,Electronic Components
GEOJITFSL,NIFTY_CAPITAL_MKT,Stock Broking & Capital Markets
MPHASIS,CNXIT,IT Services & Consulting
GFLLIMITED,CNXFINANCE,Investment & Holding Companies
GHCL,NIFTY_CHEMICALS,Specialty Chemicals
GHCLTEXTIL,NIFTY_INDIA_MFG,Cotton Spinning & Yarn
GICHSGFIN,NIFTY_HOUSING,NBFC - Housing Finance
NAVKARCORP,NIFTY_TRANS_LOGIS,Logistics & Freight Services
GICRE,CPSE,Insurance - General & Health
GILLANDERS,NIFTY_MID_SELECT,Diversified Conglomerate
GILLETTE,NIFTY_CONSR_DURBL,Consumer Durables & Home Appliances
GINNIFILA,NIFTY_INDIA_MFG,Cotton Spinning & Yarn
GIPCL,CNXENERGY,Power Generation - Hydro
GKENERGY,CNXENERGY,Renewable Energy - Solar (Private / Commercial)
GKSL,NIFTY_HEALTHCARE,Hospitals & Healthcare Delivery - Consumer
GKWLIMITED,CNXFINANCE,Investment & Holding Companies
GLAND,CNXPHARMA,Contract Research & Manufacturing (CRAMS/CDMO)
GLAXO,CNXPHARMA,Biotechnology & Vaccines
GLENMARK,CNXPHARMA,Pharmaceutical Formulations
GLFL,CNXFINANCE,Investment & Holding Companies
GLOBAL,CNXSERVICE,Education & EdTech - Institutional
GLOBALE,NIFTY_INDIA_MFG,Textile Fabrics & Weaving
GLOBALVECT,NIFTY_OIL_AND_GAS,Oil & Gas - Exploration & Production
GLOBE,NIFTY_NEW_CONSUMP,Garments & Apparel
GLOBECIVIL,CNXINFRA,EPC - Power & Infrastructure (Private)
GLOBUSSPR,CNXFMCG,Alcoholic Beverages
GLOSTERLTD,NIFTY_INDIA_MFG,Technical Textiles
NECCLTD,NIFTY_TRANS_LOGIS,Logistics & Freight Services
GMBREW,CNXFMCG,Alcoholic Beverages
GMDCLTD,CNXMETAL,Mining - Iron Ore & Minerals
GMMPFAUDLR,NIFTY_INDIA_MFG,Industrial Equipment & Process Machinery
GMRAIRPORT,NIFTY_INFRALOG,Ports & Logistics Infrastructure
GMRP&UI,CNXINFRA,EPC - Power & Infrastructure (Private)
GNA,CNXAUTO,Automotive Components - Engine & Drivetrain
GNFC,CPSE,Fertilizers
GNRL,NIFTY_OIL_AND_GAS,Oil & Gas - Exploration & Production
NATIONALUM,CPSE,Aluminium & Aluminium Products
GOCLCORP,NIFTY_IND_DEFENCE,Defence Electronics & Avionics - Private/OEM
GOCOLORS,NIFTY_NEW_CONSUMP,Retail - Apparel & Lifestyle (Branded Retail)
GODAVARIB,CNXFMCG,FMCG - Food & Beverages (Ingredient Supplier)
GODFRYPHLP,CNXFMCG,FMCG - Food & Beverages (Ingredient Supplier)
GODIGIT,CNXFINANCE,Insurance - General & Health
GODREJAGRO,NIFTY_CHEMICALS,Agrochemicals & Crop Protection
GODREJCP,NIFTY_CHEMICALS,Personal Care & Cosmetics - Ingredient Supplier
GODREJIND,NIFTY_MID_SELECT,Diversified Conglomerate
GODREJPROP,CNXREALTY,Real Estate Development - Residential
GOKEX,NIFTY_NEW_CONSUMP,Garments & Apparel
GOKUL,CNXFMCG,Edible Oil
GOKULAGRO,CNXFMCG,Edible Oil
GOLDENTOBC,CNXFMCG,FMCG - Food & Beverages (Ingredient Supplier)
GOLDIAM,CNXCOMMODITIES,Gems & Jewellery - Wholesale & Export
GOLDTECH,CNXIT,IT Services & Consulting
GOODLUCK,CNXMETAL,Steel - Flat Products
GOODYEAR,CNXAUTO,Tyres & Rubber Products
GOPAL,CNXFMCG,FMCG - Food & Beverages (Ingredient Supplier)
ORIENTCER,CNXMETAL,Refractories
GPIL,CNXMETAL,Integrated Steel Producers
GPPL,NIFTY_INFRALOG,Ports & Logistics Infrastructure
GPTHEALTH,NIFTY_HEALTHCARE,Hospitals & Healthcare Delivery - Consumer
GPTINFRA,CNXINFRA,Construction - Civil & Infrastructure (Private)
GRADIENTE,CNXMEDIA,Media - Print & Publishing
GRANDOAK,CNXFINANCE,Investment & Holding Companies
GRANULES,CNXPHARMA,Pharmaceutical Formulations
JGCHEM,NIFTY_CHEMICALS,Specialty Chemicals
INDIACEM,NIFTY_CEMENT,Cement - Industrial Supply
GRAUWEIL,NIFTY_CHEMICALS,Paints & Coatings - Industrial
GRAVISSHO,NIFTY_IND_TOURISM,Hotels & Resorts
PRIMO,NIFTY_CHEMICALS,Specialty Chemicals
GREAVESCOT,CNXAUTO,Two & Three Wheelers - OEM (Consumer)
GREENLAM,NIFTY_HOUSING,Plywood & Wood Panels
GREENPANEL,NIFTY_HOUSING,Plywood & Wood Panels
GREENPLY,NIFTY_HOUSING,Plywood & Wood Panels
GREENPOWER,CNXENERGY,Renewable Energy - Solar (Private / Commercial)
GRINDWELL,NIFTY_INDIA_MFG,Industrial Equipment & Process Machinery
GRINFRA,CNXINFRA,Infrastructure EPC & Project Management
GRMOVER,CNXCOMMODITIES,Agri Commodities Trading
GROBTEA,CNXFMCG,Tea & Coffee
GROWW,NIFTY_CAPITAL_MKT,Asset Management (AMC) & Wealth Management - Retail
GRPLTD,CNXAUTO,Tyres & Rubber Products
GRSE,CPSE,Defence Equipment & Systems - Private/OEM
GRWRHITECH,NIFTY_INDIA_MFG,Flexible Packaging
GSFC,CNXCOMMODITIES,Fertilizers
OBCL,NIFTY_TRANS_LOGIS,Logistics & Freight Services
GSPCROP,CNXCOMMODITIES,Fertilizers
GSS,CNXIT,IT Services & Consulting
GTECJAINX,CNXIT,IT Services & Consulting
GTL,CNXSERVICE,Telecom Services - Enterprise
GTLINFRA,CNXINFRA,Construction - Civil & Infrastructure (Government / EPC)
GTPL,NIFTY_NEW_CONSUMP,Consumer Lifestyle Products & Accessories
GUFICBIO,CNXPHARMA,Generic Pharmaceutical Formulations
GUJALKALI,NIFTY_CHEMICALS,Agrochemicals & Crop Protection
GUJAPOLLO,NIFTY_INDIA_MFG,Industrial Equipment & Process Machinery
GUJGASLTD,NIFTY_OIL_AND_GAS,Oil & Gas - Exploration & Production
GUJRAFFIA,NIFTY_INDIA_MFG,Packaging - General
GUJTHEM,CNXPHARMA,Active Pharmaceutical Ingredients (API)
JINDALPHOT,NIFTY_INDIA_MFG,Photographic & Imaging Films
GULFPETRO,NIFTY_CHEMICALS,Specialty Chemicals
GULPOLY,CNXFMCG,FMCG - Food & Beverages (Ingredient Supplier)
GVKPIL,CNXENERGY,Power Generation - Hydro
GVPIL,CNXENERGY,Transformers & Switchgear
GVPTECH,CNXIT,IT Services & Digital Solutions
GVT&D,CNXENERGY,Transformers & Switchgear
HAL,CPSE,Defence Electronics & Avionics - Private/OEM
HALDER,NIFTY_INDIA_MFG,Precision Engineering Components
HALDYNGL,NIFTY_INDIA_MFG,Packaging - General
HALEOSLABS,NIFTY_HEALTHCARE,Diagnostics & Pathology - Hospital Supply
HAPPSTMNDS,CNXIT,IT Services & Consulting
HAPPYFORGE,NIFTY_INDIA_MFG,Precision Engineering Components
HARDWYN,NIFTY_HOUSING,Tiles & Sanitaryware
HARIOMPIPE,CNXMETAL,Steel - Flat Products
HARRMALAYA,CNXFMCG,Tea & Coffee
HARSHA,CNXMETAL,Stainless Steel
HATHWAY,CNXSERVICE,Telecom Services - Consumer
HATSUN,CNXFMCG,Dairy & Dairy Products
HAVELLS,NIFTY_CONSR_DURBL,Consumer Durables & Home Appliances
HAVISHA,NIFTY_IND_TOURISM,Hotels & Resorts
HAWKINCOOK,NIFTY_CONSR_DURBL,Consumer Durables & Home Appliances
HBESD,CNXREALTY,Real Estate Development - Residential
HBLENGINE,NIFTY_INDIA_MFG,Electronic Components
JUBLCPL,NIFTY_CHEMICALS,Specialty Chemicals
HCC,CNXINFRA,EPC - Power & Infrastructure (Private)
HCG,NIFTY_HEALTHCARE,Hospitals & Healthcare Delivery - Consumer
HCL-INSYS,CNXIT,IT Services & Consulting
HCLTECH,CNXIT,IT Services & Consulting
HDBFS,CNXFINANCE,NBFC - Retail Lending
HDFCAMC,NIFTY_CAPITAL_MKT,Asset Management (AMC) & Wealth Management - Retail
HDFCBANK,NIFTYPVTBANK,Banks - Retail
HDFCLIFE,CNXFINANCE,Insurance - Life (Retail / Individual)
HDIL,CNXREALTY,Real Estate Development - Residential
HEADSUP,CNXIT,IT Services & Digital Solutions
HEALTHX,CNXIT,Software Products & SaaS
HECPROJECT,CNXINFRA,Infrastructure EPC & Project Management
HEG,CNXMETAL,Graphite Electrodes & Carbon Products
JAICORPLTD,NIFTY_CEMENT,Cement - Industrial Supply
HEMIPROP,CNXREALTY,Real Estate Development - Commercial & Institutional
HERANBA,NIFTY_CHEMICALS,Agrochemicals & Crop Protection
HERITGFOOD,CNXFMCG,FMCG - Food & Beverages (Branded Consumer)
HEROMOTOCO,CNXAUTO,Two & Three Wheelers - OEM (Consumer)
HESTERBIO,CNXPHARMA,Biotechnology & Vaccines
HEXAGON,CNXIT,IT Services & Consulting
HEXATRADEX,NIFTY_INDIA_MFG,Textile Fabrics & Weaving
HEXT,CNXIT,IT Services & Consulting
HFCL,CNXSERVICE,Telecom Services - Enterprise
HGINFRA,CNXINFRA,Construction - Civil & Infrastructure (Government / EPC)
KANORICHEM,NIFTY_CHEMICALS,Specialty Chemicals
HGS,CNXIT,BPO & ITES
KHAICHEM,NIFTY_CHEMICALS,Specialty Chemicals
HILINFRA,CNXINFRA,Construction - Civil & Infrastructure (Government / EPC)
HILTON,NIFTY_IND_TOURISM,Hotels & Resorts
HIMATSEIDE,NIFTY_INDIA_MFG,Cotton Spinning & Yarn
HINDALCO,CNXMETAL,Copper & Copper Products
KICL,CNXFINANCE,Investment & Holding Companies
HINDCON,CNXINFRA,Building Materials & Steel Products
HINDCOPPER,CPSE,Copper & Copper Products
HINDOILEXP,NIFTY_OIL_AND_GAS,Oil & Gas - Exploration & Production
HINDPETRO,CPSE,Petrochemicals
HINDUNILVR,CNXFMCG,FMCG - Food & Beverages (Branded Consumer)
HINDWAREAP,NIFTY_HOUSING,Tiles & Sanitaryware
HINDZINC,CNXMETAL,Zinc & Lead
HIRECT,NIFTY_INDIA_MFG,Electronic Components
HISARMETAL,CNXMETAL,Steel - Flat Products
HITECH,CNXMETAL,Steel - Flat Products
HITECHCORP,NIFTY_INDIA_MFG,Electronic Components
HITECHGEAR,CNXAUTO,Automotive Components - Engine & Drivetrain
HLEGLAS,NIFTY_INDIA_MFG,Industrial Equipment & Process Machinery
HLVLTD,NIFTY_INDIA_MFG,Packaging - General
HMAAGRO,CNXFMCG,FMCG - Food & Beverages (Ingredient Supplier)
HMT,NIFTY_INDIA_MFG,Industrial Equipment & Process Machinery
HMVL,CNXMEDIA,Media - Print & Publishing
HNDFDS,CNXFMCG,FMCG - Food & Beverages (Ingredient Supplier)
HOMEFIRST,NIFTY_HOUSING,NBFC - Housing Finance
HONASA,CNXFMCG,Personal Care & Cosmetics - Branded Consumer
HONAUT,NIFTY_INDIA_MFG,Industrial Equipment & Process Machinery
HONDAPOWER,NIFTY_INDIA_MFG,Engineering Solutions & System Integration
RICOAUTO,CNXAUTO,Auto Ancillaries & Precision Components
HPIL,CNXFMCG,Personal Care & Cosmetics - Branded Consumer
HPL,NIFTY_INDIA_MFG,Electronic Components
HSCL,NIFTY_CHEMICALS,Specialty Chemicals
HTMEDIA,CNXMEDIA,Media - Print & Publishing
HUBTOWN,CNXREALTY,Real Estate Development - Residential
HUDCO,CPSE,NBFC - Housing Finance
HUHTAMAKI,NIFTY_INDIA_MFG,Packaging - General
HYBRIDFIN,NIFTY_IND_DIGITAL,Fintech & Digital Financial Services
HYUNDAI,CNXAUTO,Commercial Vehicles - OEM
IBULLSLTD,NIFTY_HOUSING,NBFC - Housing Finance
ICDSLTD,NIFTY_INDIA_MFG,Engineering Solutions & System Integration
ICEMAKE,NIFTY_INDIA_MFG,Engineering Solutions & System Integration
ICICIAMC,NIFTY_CAPITAL_MKT,Asset Management (AMC) & Wealth Management - Retail
ICICIBANK,NIFTYPVTBANK,Banks - Retail
ICICIGI,CNXFINANCE,Insurance - General & Health
ICICIPRULI,CNXFINANCE,Insurance - Life (Retail / Individual)
ICIL,NIFTY_INDIA_MFG,Textile & Fabric Manufacturing
ICRA,NIFTY_CAPITAL_MKT,Stock Broking & Capital Markets
IDBI,NIFTYPVTBANK,Banks - Retail
IDEA,CNXSERVICE,Telecom Services - Consumer
IDEAFORGE,NIFTY_IND_DEFENCE,Defence Electronics & Avionics - Private/OEM
IDFCFIRSTB,NIFTYPVTBANK,Banks - Retail
IEX,NIFTY_CAPITAL_MKT,Stock Broking & Capital Markets
IFBAGRO,CNXCOMMODITIES,Aquaculture & Marine Products
IFBIND,NIFTY_CONSR_DURBL,Consumer Durables - Branded Retail
IFCI,CNXFINANCE,NBFC - Diversified/SME Lending
IFGLEXPOR,CNXMETAL,Refractories
IGARASHI,CNXAUTO,Automotive Components - Electrical & Electronics
KIRIINDUS,NIFTY_CHEMICALS,Specialty Chemicals
IGIL,CNXCOMMODITIES,Gems & Jewellery - Wholesale & Export
IGL,NIFTY_OIL_AND_GAS,Oil & Gas - Exploration & Production
KPL,NIFTY_CHEMICALS,Specialty Chemicals
IIFL,NIFTY_CAPITAL_MKT,Asset Management (AMC) & Wealth Management - Retail
IIFLCAPS,NIFTY_CAPITAL_MKT,Asset Management (AMC) & Wealth Management - Institutional
IITL,CNXREALTY,Real Estate Development - Commercial & Institutional
IKIO,NIFTY_INDIA_MFG,Electronic Components
IKS,CNXIT,IT Services & Consulting
IL&FSENGG,CNXINFRA,Infrastructure EPC & Project Management
OMFREIGHT,NIFTY_TRANS_LOGIS,Logistics & Freight Services
IMAGICAA,NIFTY_IND_TOURISM,Leisure & Entertainment Venues (Cinema & Amusement Parks)
IMFA,CNXMETAL,Ferro Alloys
IMPAL,CNXAUTO,Automotive Retail & Distribution
INA,CNXENERGY,Renewable Energy - Solar (Private / Commercial)
INCREDIBLE,CNXFMCG,FMCG - Food & Beverages (Branded Consumer)
INDBANK,NIFTY_CAPITAL_MKT,Stock Broking & Capital Markets
INDGN,CNXSERVICE,Consulting & Professional Services
INDHOTEL,NIFTY_IND_TOURISM,Hotels & Resorts
JKCEMENT,NIFTY_CEMENT,Cement - Industrial Supply
KRITI,NIFTY_CHEMICALS,Specialty Chemicals
INDIAMART,NIFTY_INTERNET,Internet & E-commerce Platforms - SaaS
INDIANB,CNXPSUBANK,Banks - Retail
INDIANCARD,NIFTY_IND_DIGITAL,BFSI Software & Fintech Platforms
INDIANHUME,CNXINFRA,Building Materials & Steel Products
INDIASHLTR,NIFTY_HOUSING,NBFC - Housing Finance
INDIGO,NIFTY_IND_TOURISM,Airlines
INDIGOPNTS,NIFTY_NEW_CONSUMP,Paints & Coatings - Decorative / Consumer
INDIQUBE,CNXREALTY,Real Estate Development - Commercial & Institutional
LINDEINDIA,NIFTY_CHEMICALS,Industrial Gases & Chemicals
LXCHEM,NIFTY_CHEMICALS,Specialty Chemicals
INDOBORAX,NIFTY_CHEMICALS,Specialty Chemicals
INDOCO,CNXPHARMA,Pharmaceutical Formulations
INDOFARM,CNXAUTO,Commercial Vehicles - OEM
INDORAMA,NIFTY_INDIA_MFG,Cotton Spinning & Yarn
INDOSTAR,CNXFINANCE,NBFC - Microfinance (Wholesale / Institutional)
INDOTECH,CNXENERGY,Transformers & Switchgear
INDOTHAI,NIFTY_CAPITAL_MKT,Stock Broking & Capital Markets
INDOUS,NIFTY_CHEMICALS,Agrochemicals & Crop Protection
INDOWIND,CNXENERGY,Renewable Energy - Wind
INDPRUD,CNXFINANCE,Investment & Holding Companies
INDRAMEDCO,NIFTY_HEALTHCARE,Medical Devices & Equipment
MANGALAM,NIFTY_CHEMICALS,Specialty Chemicals
INDTERRAIN,NIFTY_NEW_CONSUMP,Garments & Apparel
INDUSINDBK,NIFTYPVTBANK,Banks - Retail
INDUSTOWER,CNXSERVICE,Telecom Services - Enterprise
INFOBEAN,CNXIT,IT Services & Consulting
INFOMEDIA,CNXSERVICE,Advertising & Marketing Services
INFY,CNXIT,IT Services & Consulting
INGERRAND,NIFTY_INDIA_MFG,Engineering Solutions & System Integration
INNOVACAP,CNXPHARMA,Contract Research & Manufacturing (CRAMS/CDMO)
INNOVANA,CNXIT,IT Services & Consulting
INNOVISION,CNXIT,IT Services & Consulting
INOXGREEN,CNXENERGY,Renewable Energy - Wind
MANORG,NIFTY_CHEMICALS,Specialty Chemicals
INOXWIND,CNXENERGY,Renewable Energy - Wind
INSECTICID,NIFTY_CHEMICALS,Agrochemicals & Crop Protection
INSPIRISYS,CNXIT,IT Services & Consulting
INTELLECT,NIFTY_IND_DIGITAL,BFSI Software & Fintech Platforms
INTENTECH,CNXIT,IT Services & Digital Solutions
INTERARCH,CNXINFRA,Building Materials & Steel Products
INTLCONV,NIFTY_INDIA_MFG,Industrial Equipment & Process Machinery
INVENTURE,NIFTY_CAPITAL_MKT,Asset Management (AMC) & Wealth Management - Institutional
INVPRECQ,NIFTY_INDIA_MFG,Precision Engineering Components
IOB,CNXPSUBANK,Banks - Corporate & Institutional
IOC,CPSE,Petrochemicals
MAZDA,NIFTY_CHEMICALS,Specialty Chemicals
IONEXCHANG,CNXINFRA,Industrial Water & Wastewater Treatment
IPCALAB,CNXPHARMA,Pharmaceutical Formulations
IPL,NIFTY_CHEMICALS,Agrochemicals & Crop Protection
IRB,CNXINFRA,Construction - Civil & Infrastructure (Government / EPC)
IRCON,NIFTY_RAILWAYSPSU,EPC - Power & Infrastructure (Private)
IRCTC,NIFTY_RAILWAYSPSU,Internet & E-commerce Platforms - Consumer
IREDA,CNXFINANCE,NBFC - Diversified/SME Lending
IRFC,NIFTY_RAILWAYSPSU,NBFC - Diversified/SME Lending
IRIS,CNXIT,Software Products & SaaS
IRISDOREME,NIFTY_NEW_CONSUMP,Garments & Apparel
IRMENERGY,CNXENERGY,Power Generation - Hydro
ISFT,CNXIT,Software Products & SaaS
ISGEC,NIFTY_INDIA_MFG,Engineering Solutions & System Integration
ISHANCH,NIFTY_CHEMICALS,Dyes & Pigments
ITC,NIFTY_MID_SELECT,Diversified Conglomerate
ITCHOTELS,NIFTY_IND_TOURISM,Hotels & Resorts
ITDC,NIFTY_IND_TOURISM,Hotels & Resorts
ITI,CPSE,IT Hardware & Networking
IVALUE,CNXIT,IT Services & Digital Solutions
MRPL,CPSE,Petrochemicals
IVP,CNXFMCG,Edible Oil
IWP,CNXINFRA,Industrial Water & Wastewater Treatment
JUSTDIAL,CNXSERVICE,Advertising & Marketing Services
IZMO,CNXIT,IT Services & Digital Solutions
J&KBANK,NIFTYPVTBANK,Banks - Retail
JAGRAN,CNXMEDIA,Media - Print & Publishing
JAGSNPHARM,CNXPHARMA,Pharmaceutical Formulations
JAIBALAJI,CNXMETAL,Steel - Long Products
JKLAKSHMI,NIFTY_CEMENT,Cement - Industrial Supply
JAINREC,CNXMETAL,Zinc & Lead
JAIPURKURT,NIFTY_NEW_CONSUMP,Garments & Apparel
JAMNAAUTO,CNXAUTO,Auto Ancillary - General Components
JARO,NIFTY_IND_DIGITAL,Education & EdTech - Consumer
JASH,NIFTY_INDIA_MFG,Engineering Solutions & System Integration
JAYAGROGN,NIFTY_CHEMICALS,Specialty Chemicals
JAYBARMARU,CNXAUTO,Auto Ancillary - General Components
JAYKAY,NIFTY_NEW_CONSUMP,Garments & Apparel
NAVINFLUOR,NIFTY_CHEMICALS,Specialty Chemicals
JAYSREETEA,CNXFMCG,Tea & Coffee
JBCHEPHARM,CNXPHARMA,Pharmaceutical Formulations
JBMA,CNXAUTO,Automotive Components - Body & Chassis
PATINTLOG,NIFTY_TRANS_LOGIS,Logistics & Freight Services
NITTAGELA,NIFTY_CHEMICALS,Specialty Chemicals
JHS,CNXFMCG,Personal Care & Cosmetics - Branded Consumer
NKIND,NIFTY_CHEMICALS,Specialty Chemicals
JINDALPOLY,NIFTY_INDIA_MFG,Flexible Packaging
JINDALSAW,CNXINFRA,Building Materials & Steel Products
JINDALSTEL,CNXMETAL,Steel - Long Products
JINDRILL,CNXMETAL,Mining - Iron Ore & Minerals
JINDWORLD,NIFTY_INDIA_MFG,Textile Fabrics & Weaving
JIOFIN,NIFTYPVTBANK,Banks - Retail
JISLDVREQS,CNXINFRA,Plastic Pipes
JISLJALEQS,CNXINFRA,Plastic Pipes
JITFINFRA,CNXINFRA,Infrastructure EPC & Project Management
JSWCEMENT,NIFTY_CEMENT,Cement - Industrial Supply
JKIL,CNXINFRA,Construction - Civil & Infrastructure (Private)
JKIPL,CNXINFRA,Construction - Civil & Infrastructure (Government / EPC)
KAKATCEM,NIFTY_CEMENT,Cement - Industrial Supply
JKPAPER,NIFTY_INDIA_MFG,Paper & Paperboard Manufacturing
JKTYRE,CNXAUTO,Tyres & Rubber Products
JLHL,NIFTY_HEALTHCARE,Hospitals & Healthcare Delivery - Consumer
JMA,CNXAUTO,Automotive Retail & Distribution
JMFINANCIL,NIFTY_CAPITAL_MKT,Asset Management (AMC) & Wealth Management - Institutional
JNKINDIA,NIFTY_INDIA_MFG,Industrial Equipment & Process Machinery
JOCIL,NIFTY_CHEMICALS,Agrochemicals & Crop Protection
JPOLYINVST,CNXFINANCE,Investment & Holding Companies
JPPOWER,CNXENERGY,Power Generation - Hydro
JSFB,NIFTYPVTBANK,Banks - Retail
JSL,CNXMETAL,Steel - Flat Products
JSLL,NIFTY_HEALTHCARE,Healthcare - Diversified (Consumer / Retail)
KCP,NIFTY_CEMENT,Cement - Industrial Supply
JSWDULUX,NIFTY_NEW_CONSUMP,Paints & Coatings - Decorative / Consumer
JSWENERGY,CNXENERGY,Power Generation - Hydro
JSWHL,CNXFINANCE,Investment & Holding Companies
JSWINFRA,NIFTY_INFRALOG,Ports & Logistics Infrastructure
JSWSTEEL,CNXMETAL,Steel - Long Products
JTEKTINDIA,CNXAUTO,Auto Ancillaries & Precision Components
JTLIND,CNXMETAL,Steel - Flat Products
PAUSHAKLTD,NIFTY_CHEMICALS,Specialty Chemicals
JUBLFOOD,NIFTY_NEW_CONSUMP,QSR & Restaurants (Branded Chains)
JUBLINGREA,NIFTY_CHEMICALS,Specialty Chemicals
JUBLPHARMA,CNXPHARMA,Generic Pharmaceutical Formulations
JUNIPER,NIFTY_IND_TOURISM,Hotels & Resorts
NOIDATOLL,CNXINFRA,Construction - Civil & Infrastructure (Government / EPC)
JWL,NIFTY_INDIA_MFG,Industrial Equipment & Process Machinery
JYOTHYLAB,CNXFMCG,Personal Care & Cosmetics - Branded Consumer
JYOTICNC,NIFTY_INDIA_MFG,Precision Engineering Components
JYOTISTRUC,CNXENERGY,Power Transmission & Distribution - Industrial
KABRAEXTRU,NIFTY_INDIA_MFG,Packaging - General
KAJARIACER,NIFTY_HOUSING,Tiles & Sanitaryware
KESORAMIND,NIFTY_MID_SELECT,Diversified Conglomerate
KALAMANDIR,NIFTY_NEW_CONSUMP,Retail - Apparel & Lifestyle (Branded Retail)
KALPATARU,CNXENERGY,Power Transmission & Distribution - Industrial
KALYANI,CNXAUTO,Auto Ancillary - General Components
KALYANIFRG,NIFTY_INDIA_MFG,Forgings
KALYANKJIL,NIFTY_NEW_CONSUMP,Gems & Jewellery - Retail & Consumer
KAMAHOLD,NIFTY_CHEMICALS,Specialty Chemicals
KAMATHOTEL,NIFTY_IND_TOURISM,Hotels & Resorts
KAMDHENU,CNXMETAL,Steel - Long Products
KAMOPAINTS,NIFTY_NEW_CONSUMP,Paints & Coatings - Decorative / Consumer
KANANIIND,CNXCOMMODITIES,Gems & Jewellery - Wholesale & Export
KANCHI,NIFTY_NEW_CONSUMP,Garments & Apparel
PLASTIBLEN,NIFTY_CHEMICALS,Specialty Chemicals
KANPRPLA,NIFTY_INDIA_MFG,Packaging - General
KANSAINER,NIFTY_NEW_CONSUMP,Paints & Coatings - Decorative / Consumer
KAPSTON,CNXSERVICE,Staffing & HR Services
KARMAENG,CNXENERGY,Renewable Energy - Wind
KARURVYSYA,NIFTYPVTBANK,Banks - Retail
KAUSHALYA,CNXSERVICE,Education & EdTech - Institutional
KAVDEFENCE,NIFTY_IND_DEFENCE,Defence Electronics & Avionics - Government
KAYA,NIFTY_HEALTHCARE,Healthcare - Diversified (Consumer / Retail)
KAYNES,NIFTY_INDIA_MFG,Electronics Manufacturing Services (EMS)
MANBA,NIFTY_CEMENT,Cement - Industrial Supply
KCPSUGIND,CNXCOMMODITIES,Sugar Manufacturing
KDDL,NIFTY_INDIA_MFG,Precision Engineering Components
KEC,CNXENERGY,Power Transmission & Distribution - Industrial
KECL,CNXENERGY,Transformers & Switchgear
KEEPLEARN,CNXSERVICE,Education & EdTech - Institutional
KEI,CNXENERGY,Power Transmission & Distribution - Industrial
KELLTONTEC,CNXIT,IT Services & Consulting
KENNAMET,NIFTY_INDIA_MFG,Precision Engineering Components
KERNEX,NIFTY_INDIA_MFG,Engineering Solutions & System Integration
MANGLMCEM,NIFTY_CEMENT,Cement - Industrial Supply
KEYFINSERV,CNXFINANCE,NBFC - Diversified/SME Lending
KFINTECH,NIFTY_IND_DIGITAL,BFSI Software & Fintech Platforms
KHADIM,NIFTY_NEW_CONSUMP,Footwear - Branded Retail
PRIVISCL,NIFTY_CHEMICALS,Specialty Chemicals
KHAITANLTD,NIFTY_INDIA_MFG,Electronic Components
KHANDSE,NIFTY_CAPITAL_MKT,Stock Broking & Capital Markets
PUNJABCHEM,NIFTY_CHEMICALS,Specialty Chemicals
KILITCH,CNXPHARMA,Pharmaceutical Formulations
KIMS,NIFTY_HEALTHCARE,Hospitals & Healthcare Delivery - Consumer
KINGFA,NIFTY_CHEMICALS,Specialty Polymers & Compounds
KIOCL,CPSE,Mining - Iron Ore & Minerals
KIRANVYPAR,CNXCOMMODITIES,Agri Commodities Trading
RHIM,CNXMETAL,Refractories
PRITIKAUTO,NIFTY_INDIA_MFG,Castings
KIRLOSBROS,NIFTY_INDIA_MFG,Pumps & Valves
KIRLOSENG,NIFTY_INDIA_MFG,Engineering Solutions & System Integration
KIRLOSIND,CNXAUTO,Auto Ancillary - General Components
KIRLPNU,NIFTY_INDIA_MFG,Pumps & Valves
KISSHT,CNXFINANCE,NBFC - Microfinance (Wholesale / Institutional)
KITEX,NIFTY_NEW_CONSUMP,Garments & Apparel
KKCL,NIFTY_NEW_CONSUMP,Retail - Apparel & Lifestyle (Wholesale)
KLBRENG-B,NIFTY_INDIA_MFG,Industrial Equipment & Process Machinery
KMEW,NIFTY_INFRALOG,Ports & Logistics Infrastructure
KMSUGAR,CNXFMCG,FMCG - Food & Beverages (Ingredient Supplier)
KNAGRI,CNXCOMMODITIES,Agri Commodities Trading
KNRCON,CNXINFRA,Construction - Civil & Infrastructure (Private)
KOHINOOR,CNXFMCG,FMCG - Food & Beverages (Branded Consumer)
KOKUYOCMLN,NIFTY_NEW_CONSUMP,Toys & Stationery
KOLTEPATIL,CNXREALTY,Real Estate Development - Residential
KOPRAN,CNXPHARMA,Generic Pharmaceutical Formulations
KOTAKBANK,NIFTYPVTBANK,Banks - Retail
KOTARISUG,CNXCOMMODITIES,Sugar Manufacturing
KOTHARIPET,NIFTY_CHEMICALS,Specialty Chemicals
KOTHARIPRO,CNXFMCG,FMCG - Food & Beverages (Ingredient Supplier)
KOTIC,NIFTY_MID_SELECT,Diversified Conglomerate
KOTYARK,CNXFMCG,Dairy & Dairy Products
KOVAI,NIFTY_HEALTHCARE,Hospitals & Healthcare Delivery - Consumer
KPEL,CNXENERGY,Renewable Energy - Wind
KPIGREEN,CNXENERGY,Renewable Energy - Solar (Private / Commercial)
KPIL,CNXENERGY,Power Transmission & Distribution - Industrial
KPITTECH,CNXIT,IT Services & Consulting
ROSSARI,NIFTY_CHEMICALS,Specialty Chemicals
KPRMILL,NIFTY_INDIA_MFG,Cotton Spinning & Yarn
KRBL,CNXFMCG,FMCG - Food & Beverages (Ingredient Supplier)
KREBSBIO,NIFTY_CHEMICALS,Agrochemicals & Crop Protection
KRIDHANINF,CNXINFRA,Building Materials & Steel Products
KRISHANA,NIFTY_CHEMICALS,Agrochemicals & Crop Protection
KRISHIVAL,CNXCOMMODITIES,Fertilizers
KRISHNADEF,NIFTY_IND_DEFENCE,Defence Equipment & Systems - Private/OEM
SADHNANIQ,NIFTY_CHEMICALS,Specialty Chemicals
KRITIKA,CNXENERGY,Wires & Cables
KRITINUT,CNXFMCG,FMCG - Food & Beverages (Branded Consumer)
KRN,NIFTY_INDIA_MFG,Industrial Equipment & Process Machinery
KRONOX,NIFTY_CHEMICALS,Industrial Gases & Chemicals
KROSS,NIFTY_CONSR_DURBL,Consumer Durables & Home Appliances
KRSNAA,NIFTY_HEALTHCARE,Diagnostics & Pathology - Hospital Supply
KRYSTAL,CNXIT,IT Services & Digital Solutions
KSB,NIFTY_INDIA_MFG,Pumps & Valves
KSCL,NIFTY_CHEMICALS,Agrochemicals & Crop Protection
KSHINTL,NIFTY_INDIA_MFG,Precision Engineering Components
KSHITIJPOL,NIFTY_INDIA_MFG,Packaging - General
KSL,CNXMETAL,Steel - Long Products
KSOLVES,CNXIT,IT Services & Consulting
KSR,NIFTY_INDIA_MFG,Footwear - Manufacturing & Export
KTKBANK,NIFTYPVTBANK,Banks - Retail
KUANTUM,NIFTY_INDIA_MFG,Paper & Paperboard Manufacturing
KWIL,CNXFMCG,FMCG - Food & Beverages (Branded Consumer)
LAGNAM,NIFTY_INDIA_MFG,Cotton Spinning & Yarn
LAHOTIOV,NIFTY_INDIA_MFG,Textile Fabrics & Weaving
LAKPRE,CNXAUTO,Auto Ancillary - General Components
LAL,NIFTY_NEW_CONSUMP,Garments & Apparel
LALPATHLAB,NIFTY_HEALTHCARE,Diagnostics & Pathology - Retail / Direct Consumer
LAMBODHARA,NIFTY_INDIA_MFG,Cotton Spinning & Yarn
LANCORHOL,CNXREALTY,Real Estate Development - Residential
LANDMARK,CNXAUTO,Automotive Retail & Distribution
LANDSMILL,NIFTY_INDIA_MFG,Industrial Equipment & Process Machinery
LAOPALA,NIFTY_CONSR_DURBL,Consumer Durables & Home Appliances
LASA,CNXPHARMA,Active Pharmaceutical Ingredients (API)
LATENTVIEW,CNXIT,IT Services & Digital Solutions
LATTEYS,NIFTY_INDIA_MFG,Precision Engineering Components
LAURUSLABS,CNXPHARMA,Active Pharmaceutical Ingredients (API)
LAXMICOT,NIFTY_INDIA_MFG,Cotton Spinning & Yarn
LAXMIDENTL,NIFTY_HEALTHCARE,Medical Devices & Equipment
PTCIL,NIFTY_INDIA_MFG,Castings
LCCINFOTEC,CNXIT,IT Services & Consulting
LEMERITE,NIFTY_INDIA_MFG,Electronic Components
LEMONTREE,NIFTY_IND_TOURISM,Hotels & Resorts
LENSKART,NIFTY_NEW_CONSUMP,Consumer Lifestyle Products & Accessories
LEXUS,NIFTY_HOUSING,Tiles & Sanitaryware
LFIC,NIFTY_CAPITAL_MKT,Asset Management (AMC) & Wealth Management - Institutional
LGBBROSLTD,CNXAUTO,Auto Ancillary - General Components
LGEINDIA,NIFTY_CONSR_DURBL,Consumer Durables - Branded Retail
LGHL,NIFTY_CAPITAL_MKT,Asset Management (AMC) & Wealth Management - Institutional
LIBAS,NIFTY_NEW_CONSUMP,Consumer Lifestyle Products & Accessories
LIBERTSHOE,NIFTY_INDIA_MFG,Footwear - Manufacturing & Export
LICHSGFIN,NIFTY_HOUSING,NBFC - Housing Finance
LICI,CNXFINANCE,Insurance - Life (Retail / Individual)
LIKHITHA,NIFTY_IND_DEFENCE,Defence Equipment & Systems - Private/OEM
LINC,NIFTY_NEW_CONSUMP,Toys & Stationery
LINCOLN,CNXPHARMA,Pharmaceutical Formulations
SEYAIND,NIFTY_CHEMICALS,Specialty Chemicals
LLOYDSENGG,CNXINFRA,Construction - Civil & Infrastructure (Government / EPC)
LLOYDSENT,NIFTY_INDIA_MFG,Electronic Components
LLOYDSME,CNXMETAL,Mining - Iron Ore & Minerals
LMW,NIFTY_INDIA_MFG,Industrial Equipment & Process Machinery
LODHA,CNXREALTY,Real Estate Development - Residential
LOKESHMACH,NIFTY_INDIA_MFG,Precision Engineering Components
LORDSCHLO,NIFTY_CHEMICALS,Specialty Chemicals
LOTUSDEV,CNXREALTY,Real Estate Development - Residential
LOTUSEYE,NIFTY_HEALTHCARE,Hospitals & Healthcare Delivery - Consumer
LOVABLE,NIFTY_NEW_CONSUMP,Garments & Apparel
LOYALTEX,NIFTY_INDIA_MFG,Textile Fabrics & Weaving
LPDC,CNXREALTY,Real Estate Development - Residential
LT,NIFTY_MID_SELECT,Diversified Conglomerate
LTF,CNXFINANCE,NBFC - Diversified/SME Lending
LTFOODS,CNXFMCG,FMCG - Food & Beverages (Branded Consumer)
LTM,NIFTY_CONSR_DURBL,Consumer Durables - OEM Supply
LTTS,CNXSERVICE,Telecom Services - Enterprise
LUMAXIND,NIFTY_INDIA_MFG,Electronic Components
LUMAXTECH,CNXAUTO,Auto Ancillaries & Precision Components
LUPIN,CNXPHARMA,Pharmaceutical Formulations
LUXIND,NIFTY_NEW_CONSUMP,Garments & Apparel
SICAGEN,CNXINFRA,Building Materials & Steel Products
LYKALABS,CNXPHARMA,Pharmaceutical Formulations
LYPSAGEMS,CNXCOMMODITIES,Gems & Jewellery - Wholesale & Export
M&M,CNXAUTO,Commercial Vehicles - OEM
M&MFIN,CNXFINANCE,NBFC - Microfinance (Retail / Direct)
MAANALU,CNXMETAL,Aluminium & Aluminium Products
MACPOWER,NIFTY_INDIA_MFG,Precision Engineering Components
MADHAV,NIFTY_HOUSING,Tiles & Sanitaryware
MADHAVIPL,CNXINFRA,Construction - Civil & Infrastructure (Private)
MADHUCON,CNXINFRA,Infrastructure EPC & Project Management
MADRASFERT,CNXCOMMODITIES,Fertilizers
MAFATIND,NIFTY_INDIA_MFG,Textile Fabrics & Weaving
MAGADSUGAR,CNXCOMMODITIES,Sugar Manufacturing
MAGNUM,NIFTY_INDIA_MFG,Paper & Paperboard Manufacturing
MAHABANK,CNXPSUBANK,Banks - Retail
MAHAPEXLTD,NIFTY_CHEMICALS,Specialty Polymers & Compounds
MAHASTEEL,CNXMETAL,Steel - Flat Products
MAHEPC,CNXINFRA,Plastic Pipes
MAHESHWARI,NIFTY_TRANS_LOGIS,Logistics & Freight Services
MAHLIFE,CNXREALTY,Real Estate Development - Residential
PRUDMOULI,CNXCOMMODITIES,Agri Commodities Trading
MAHSCOOTER,CNXAUTO,Two & Three Wheelers - OEM (Consumer)
MAHSEAMLES,CNXINFRA,Building Materials & Steel Products
MAITHANALL,CNXMETAL,Ferro Alloys
MAJESAUT,CNXAUTO,Auto Ancillary - General Components
REPRO,CNXMEDIA,Media - Print & Publishing
MALUPAPER,NIFTY_INDIA_MFG,Paper & Paperboard Manufacturing
MAMATA,NIFTY_INDIA_MFG,Industrial Equipment & Process Machinery
RISHABH,NIFTY_INDIA_MFG,Electronic Components
MANAKCOAT,NIFTY_CHEMICALS,Paints & Coatings - Industrial
MANAKSIA,NIFTY_INDIA_MFG,Packaging - General
MANAKSTEEL,CNXMETAL,Integrated Steel Producers
MANALIPETC,NIFTY_OIL_AND_GAS,Petrochemicals
MANAPPURAM,CNXFINANCE,NBFC - Microfinance (Retail / Direct)
NCLIND,NIFTY_CEMENT,Cement - Industrial Supply
MANCREDIT,CNXFINANCE,NBFC - Diversified/SME Lending
SRF,NIFTY_CHEMICALS,Specialty Chemicals
RAIN,CNXMETAL,Graphite Electrodes & Carbon Products
MANINDS,CNXINFRA,Building Materials & Steel Products
MANINFRA,CNXINFRA,Construction - Civil & Infrastructure (Private)
MANKIND,CNXPHARMA,Pharmaceutical Formulations
MANOMAY,NIFTY_INDIA_MFG,Flexible Packaging
MANORAMA,CNXMEDIA,Media - Print & Publishing
STALLION,NIFTY_CHEMICALS,Industrial Gases & Chemicals
MANUGRAPH,NIFTY_INDIA_MFG,Industrial Equipment & Process Machinery
MANYAVAR,NIFTY_NEW_CONSUMP,Consumer Lifestyle Products & Accessories
MAPMYINDIA,CNXIT,IT Services & Digital Solutions
MARALOVER,NIFTY_NEW_CONSUMP,Garments & Apparel
MARATHON,CNXREALTY,Real Estate Development - Residential
MARICO,CNXFMCG,Personal Care & Cosmetics - Branded Consumer
MARINE,CNXCOMMODITIES,Aquaculture & Marine Products
MARKOLINES,CNXINFRA,Construction - Civil & Infrastructure (Private)
MARKSANS,CNXPHARMA,Generic Pharmaceutical Formulations
MARSONS,CNXENERGY,Transformers & Switchgear
MARUTI,NIFTY_CONSR_DURBL,Consumer Durables & Home Appliances
MASFIN,CNXFINANCE,NBFC - Microfinance (Wholesale / Institutional)
MASKINVEST,CNXFINANCE,NBFC - Diversified/SME Lending
MASTEK,CNXIT,IT Services & Digital Solutions
MASTERTR,NIFTY_CAPITAL_MKT,Asset Management (AMC) & Wealth Management - Retail
ODIGMA,CNXSERVICE,Advertising & Marketing Services
MAWANASUG,CNXCOMMODITIES,Sugar Manufacturing
MAXESTATES,CNXREALTY,Real Estate Development - Residential
MAXHEALTH,NIFTY_HEALTHCARE,Hospitals & Healthcare Delivery - Consumer
MAXIND,CNXFINANCE,Investment & Holding Companies
MAYURUNIQ,NIFTY_INDIA_MFG,Textile Fabrics & Weaving
SUPREMEENG,CNXMETAL,Stainless Steel
MAZDOCK,CPSE,Defence Equipment & Systems - Government
MBAPL,CNXCOMMODITIES,Fertilizers
MBEL,CNXMETAL,Steel - Long Products
MBLINFRA,CNXINFRA,EPC - Power & Infrastructure (Government)
MCCHRLS-B,CNXREALTY,Real Estate Development - Commercial & Institutional
MCL,CNXMETAL,Copper & Copper Products
MCLEODRUSS,CNXFMCG,Tea & Coffee
RITCO,NIFTY_TRANS_LOGIS,Logistics & Freight Services
MCX,NIFTY_CAPITAL_MKT,Stock Broking & Capital Markets
MEDANTA,NIFTY_HEALTHCARE,Hospitals & Healthcare Delivery - Consumer
MEDIASSIST,NIFTY_HEALTHCARE,Healthcare - Diversified (Institutional)
MEDICAMEQ,CNXPHARMA,Pharmaceutical Formulations
MEDICO,CNXPHARMA,Pharmaceutical Formulations
MEDPLUS,NIFTY_HEALTHCARE,Diagnostics & Pathology - Retail / Direct Consumer
SAKSOFT,CNXIT,IT Services & Consulting
MEGASTAR,CNXFMCG,FMCG - Food & Beverages (Ingredient Supplier)
MEIL,CNXENERGY,Power Transmission & Distribution - Industrial
MENNPIS,CNXAUTO,Automotive Components - Engine & Drivetrain
MENONBE,NIFTY_INDIA_MFG,Bearings
MEP,CNXINFRA,Construction - Civil & Infrastructure (Government / EPC)
MERCANTILE,CNXSERVICE,Security & Facility Management Services
MERCURYEV,NIFTY_CONSR_DURBL,Consumer Durables & Home Appliances
METROBRAND,NIFTY_NEW_CONSUMP,FMCG - Food & Beverages (Ingredient Supplier)
METROGLOBL,NIFTY_CHEMICALS,Industrial Gases & Chemicals
METROPOLIS,NIFTY_HEALTHCARE,Diagnostics & Pathology - Retail / Direct Consumer
MFML,NIFTY_INDIA_MFG,Textile & Fabric Manufacturing
MFSL,CNXFINANCE,Insurance - Life (Retail / Individual)
MGEL,CNXFMCG,Edible Oil
MGL,NIFTY_OIL_AND_GAS,Oil & Gas - Exploration & Production
MHLXMIRU,NIFTY_INDIA_MFG,Technical Textiles
MHRIL,NIFTY_IND_TOURISM,Hotels & Resorts
MICEL,NIFTY_INDIA_MFG,Electronic Components
MIDHANI,CPSE,Defence Electronics & Avionics - Government
MIDWESTLTD,CNXMETAL,Mining - Iron Ore & Minerals
MINDACORP,CNXAUTO,Automotive Components - Electrical & Electronics
MINDTECK,CNXIT,IT Services & Consulting
MIRCELECTR,NIFTY_CONSR_DURBL,Consumer Durables - Branded Retail
MIRZAINT,NIFTY_INDIA_MFG,Footwear - Manufacturing & Export
MITCON,CNXSERVICE,Consulting & Professional Services
MITTAL,NIFTY_NEW_CONSUMP,Garments & Apparel
MKPL,CNXFMCG,Edible Oil
MMFL,NIFTY_INDIA_MFG,Forgings
SSWL,CNXAUTO,Auto Ancillaries & Precision Components
MMTC,CPSE,Agri Commodities Trading
MMWL,CNXIT,IT Hardware & Networking
MOBIKWIK,NIFTY_IND_DIGITAL,Fintech & Digital Financial Services
MODINATUR,CNXFMCG,FMCG - Food & Beverages (Branded Consumer)
MODIRUBBER,CNXAUTO,Tyres & Rubber Products
MODIS,CNXREALTY,Real Estate Development - Residential
MODISONLTD,CNXENERGY,Power Transmission & Distribution - Industrial
MODTHREAD,NIFTY_NEW_CONSUMP,Garments & Apparel
MOHITIND,NIFTY_INDIA_MFG,Cotton Spinning & Yarn
MOIL,CPSE,Mining - Iron Ore & Minerals
MOKSH,CNXCOMMODITIES,Gems & Jewellery - Wholesale & Export
MOL,NIFTY_CHEMICALS,Agrochemicals & Crop Protection
MOLDTECH,NIFTY_INDIA_MFG,Engineering Solutions & System Integration
MOLDTKPAC,NIFTY_INDIA_MFG,Packaging - General
MONARCH,NIFTY_CAPITAL_MKT,Asset Management (AMC) & Wealth Management - Retail
MONEYBOXX,CNXFINANCE,NBFC - Retail Lending
MONTECARLO,NIFTY_NEW_CONSUMP,Garments & Apparel
MORARJEE,NIFTY_INDIA_MFG,Cotton Spinning & Yarn
MOREPENLAB,CNXPHARMA,Active Pharmaceutical Ingredients (API)
MOSCHIP,NIFTY_INDIA_MFG,Electronic Components
MOTHERSON,CNXAUTO,Automotive Components - Electrical & Electronics
MOTILALOFS,NIFTY_CAPITAL_MKT,Stock Broking & Capital Markets
MOTISONS,NIFTY_NEW_CONSUMP,Gems & Jewellery - Retail & Consumer
MOTOGENFIN,CNXREALTY,Real Estate Development - Commercial & Institutional
SGFIN,NIFTY_IND_DIGITAL,Fintech & Digital Financial Services
MPSLTD,CNXIT,BPO & ITES
MRF,CNXAUTO,Tyres & Rubber Products
TATVA,NIFTY_CHEMICALS,Specialty Chemicals
MSPL,CNXMETAL,Steel - Long Products
MSTCLTD,CNXIT,IT Services & Digital Solutions
MSUMI,CNXAUTO,Auto Ancillaries & Precision Components
MTARTECH,NIFTY_INDIA_MFG,Precision Engineering Components
MTEDUCARE,NIFTY_IND_DIGITAL,Education & EdTech - Consumer
MTNL,CNXSERVICE,Telecom Services - Consumer
MUFIN,CNXFINANCE,NBFC - Retail Lending
MUFTI,NIFTY_NEW_CONSUMP,Consumer Lifestyle Products & Accessories
MUKANDLTD,CNXMETAL,Steel - Long Products
MUKKA,CNXCOMMODITIES,Aquaculture & Marine Products
MUKTAARTS,NIFTY_IND_TOURISM,Leisure & Entertainment Venues (Cinema & Amusement Parks)
MUNJALAU,CNXAUTO,Auto Ancillary - General Components
MUNJALSHOW,CNXAUTO,Auto Ancillary - General Components
MURUDCERA,NIFTY_HOUSING,Tiles & Sanitaryware
MUTHOOTCAP,CNXFINANCE,NBFC - Retail Lending
MUTHOOTFIN,CNXFINANCE,NBFC - Retail Lending
MUTHOOTMF,CNXFINANCE,NBFC - Microfinance (Retail / Direct)
MVGJL,NIFTY_NEW_CONSUMP,Gems & Jewellery - Retail & Consumer
MWL,CNXMETAL,Steel - Long Products
NACLIND,NIFTY_CHEMICALS,Agrochemicals & Crop Protection
NAGREEKCAP,CNXFINANCE,NBFC - Diversified/SME Lending
NAGREEKEXP,NIFTY_INDIA_MFG,Cotton Spinning & Yarn
NAHARCAP,CNXFINANCE,Investment & Holding Companies
NAHARINDUS,NIFTY_NEW_CONSUMP,Garments & Apparel
NAHARPOLY,NIFTY_INDIA_MFG,Flexible Packaging
NAHARSPING,NIFTY_INDIA_MFG,Cotton Spinning & Yarn
NAM-INDIA,NIFTY_CAPITAL_MKT,Asset Management (AMC) & Wealth Management - Retail
NARMADA,CNXCOMMODITIES,Agri Commodities Trading
NATCAPSUQ,CNXPHARMA,Active Pharmaceutical Ingredients (API)
NATCOPHARM,CNXPHARMA,Pharmaceutical Formulations
NATHBIOGEN,NIFTY_CHEMICALS,Agrochemicals & Crop Protection
SUNCLAY,CNXAUTO,Auto Ancillaries & Precision Components
NATIONSTD,CNXREALTY,Real Estate Development - Residential
NAUKRI,NIFTY_INTERNET,Internet & E-commerce Platforms - Consumer
NAVA,NIFTY_MID_SELECT,Diversified Conglomerate
TRANSPEK,NIFTY_CHEMICALS,Specialty Chemicals
SHADOWFAX,NIFTY_TRANS_LOGIS,Logistics & Freight Services
RAMCOCEM,NIFTY_CEMENT,Cement - Industrial Supply
NAVNETEDUL,NIFTY_NEW_CONSUMP,Toys & Stationery
NAZARA,CNXMEDIA,Media - Broadcasting & TV
NBCC,CPSE,Construction - Civil & Infrastructure (Government / EPC)
NBIFIN,CNXFINANCE,NBFC - Diversified/SME Lending
NCC,CNXINFRA,EPC - Power & Infrastructure (Government)
SAGCEM,NIFTY_CEMENT,Cement - Industrial Supply
NDGL,CNXFINANCE,NBFC - Diversified/SME Lending
NDL,NIFTY_INDIA_MFG,Cotton Spinning & Yarn
NDLVENTURE,CNXREALTY,Real Estate Development - Commercial & Institutional
NDRAUTO,CNXAUTO,Auto Ancillary - General Components
NDTV,CNXMEDIA,Media - Broadcasting & TV
NEAGI,CNXFMCG,Tea & Coffee
SHREEJISPG,NIFTY_TRANS_LOGIS,Logistics & Freight Services
NECLIFE,CNXPHARMA,Active Pharmaceutical Ingredients (API)
RANEHOLDIN,CNXAUTO,Auto Ancillaries & Precision Components
NELCO,NIFTY_IND_DEFENCE,Defence Electronics & Avionics - Private/OEM
NEOGEN,NIFTY_CHEMICALS,Specialty Chemicals
NEPHROPLUS,NIFTY_HEALTHCARE,Healthcare - Diversified (Institutional)
NESCO,CNXREALTY,Real Estate Development - Commercial & Institutional
NESTLEIND,CNXFMCG,FMCG - Food & Beverages (Branded Consumer)
NETWEB,CNXIT,IT Services & Digital Solutions
NETWORK18,CNXMEDIA,Media - Print & Publishing
NEULANDLAB,CNXPHARMA,Active Pharmaceutical Ingredients (API)
NEWGEN,CNXIT,Software Products & SaaS
NEXTMEDIA,CNXMEDIA,Media - Broadcasting & TV
NFL,CPSE,Fertilizers
NGIL,CNXFMCG,FMCG - Food & Beverages (Ingredient Supplier)
NGLFINE,CNXPHARMA,Active Pharmaceutical Ingredients (API)
NH,NIFTY_HEALTHCARE,Hospitals & Healthcare Delivery - Consumer
NHPC,CPSE,Power Generation - Hydro
NIACL,CPSE,Insurance - General & Health
NIBE,NIFTY_IND_DEFENCE,Defence Equipment & Systems - Government
NIBL,NIFTY_INDIA_MFG,Bearings
NIITLTD,CNXSERVICE,Education & EdTech - Institutional
NIITMTS,CNXSERVICE,Education & EdTech - Institutional
NILAINFRA,CNXINFRA,EPC - Power & Infrastructure (Government)
NILASPACES,CNXREALTY,Real Estate Development - Residential
NILE,CNXMETAL,Zinc & Lead
NILKAMAL,NIFTY_CONSR_DURBL,Consumer Durables & Home Appliances
NIMBSPROJ,CNXREALTY,Real Estate Development - Residential
NINSYS,CNXIT,IT Services & Consulting
NIPPOBATRY,NIFTY_CONSR_DURBL,Consumer Durables & Home Appliances
NIRAJ,CNXINFRA,EPC - Power & Infrastructure (Government)
NIRAJISPAT,CNXMETAL,Steel - Long Products
NIRLON,CNXREALTY,Real Estate Development - Commercial & Institutional
NITCO,NIFTY_HOUSING,Tiles & Sanitaryware
NITINSPIN,NIFTY_INDIA_MFG,Cotton Spinning & Yarn
NITIRAJ,NIFTY_INDIA_MFG,Industrial Equipment & Process Machinery
TRIDENT,NIFTY_INDIA_MFG,Textile & Fabric Manufacturing
NIVABUPA,CNXFINANCE,Insurance - General & Health
VALIANTORG,NIFTY_CHEMICALS,Specialty Chemicals
NLCINDIA,CPSE,Power Generation - Hydro
NMDC,CPSE,Mining - Iron Ore & Minerals
NOCIL,CNXAUTO,Tyres & Rubber Products
RADIOCITY,CNXMEDIA,Media - Broadcasting & TV
NORBTEAEXP,CNXFMCG,Tea & Coffee
NORTHARC,CNXFINANCE,NBFC - Microfinance (Wholesale / Institutional)
NOVAAGRI,NIFTY_CHEMICALS,Agrochemicals & Crop Protection
NOVARTIND,CNXPHARMA,Pharmaceutical Formulations
NPST,CNXIT,Software Products & SaaS
NRAIL,NIFTY_INDIA_MFG,Paper & Paperboard Manufacturing
NRBBEARING,NIFTY_INDIA_MFG,Bearings
NRL,CNXMETAL,Copper & Copper Products
NSIL,CNXFINANCE,Investment & Holding Companies
NSLNISP,CNXMETAL,Steel - Flat Products
NTPC,CPSE,Power Generation - Hydro
NTPCGREEN,CNXENERGY,Renewable Energy - Solar (Utility / Government IPP)
NUCLEUS,CNXIT,Software Products & SaaS
NURECA,NIFTY_HEALTHCARE,Medical Devices & Equipment
NUVAMA,NIFTY_CAPITAL_MKT,Asset Management (AMC) & Wealth Management - Retail
NUVOCO,NIFTY_CEMENT,Cement - Retail & Consumer
NYKAA,NIFTY_INTERNET,Internet & E-commerce Platforms - Consumer
OAL,CNXFMCG,FMCG - Food & Beverages (Ingredient Supplier)
SHRENIK,NIFTY_INDIA_MFG,Paper & Paperboard Manufacturing
OBEROIRLTY,CNXREALTY,Real Estate Development - Residential
OCCLLTD,NIFTY_CHEMICALS,Specialty Chemicals
RKSWAMY,CNXSERVICE,Advertising & Marketing Services
OFSS,CNXIT,IT Services & Consulting
OIL,CPSE,Oil & Gas - Exploration & Production
OILCOUNTUB,CNXMETAL,Steel - Flat Products
OLAELEC,CNXAUTO,Two & Three Wheelers - OEM (Consumer)
OLECTRA,CNXAUTO,Commercial Vehicles - OEM
OMAXAUTO,CNXAUTO,Automotive Components - Body & Chassis
OMAXE,CNXREALTY,Real Estate Development - Residential
TCI,NIFTY_TRANS_LOGIS,Logistics & Freight Services
OMINFRAL,CNXINFRA,EPC - Power & Infrastructure (Government)
OMNI,NIFTY_INDIA_MFG,Pumps & Valves
OMPOWER,CNXENERGY,Power Transmission & Distribution - Utility / Government
ONELIFECAP,NIFTY_CAPITAL_MKT,Stock Broking & Capital Markets
ONEPOINT,CNXIT,BPO & ITES
ONESOURCE,CNXPHARMA,Contract Research & Manufacturing (CRAMS/CDMO)
ONGC,CPSE,Oil & Gas - Exploration & Production
ONMOBILE,CNXSERVICE,Telecom Services - Enterprise
ONWARDTEC,CNXIT,IT Services & Consulting
REDINGTON,CNXIT,IT Hardware & Networking
ORBTEXP,NIFTY_NEW_CONSUMP,Retail - Apparel & Lifestyle (Wholesale)
ORCHASP,CNXIT,IT Services & Consulting
ORCHPHARMA,CNXPHARMA,Pharmaceutical Formulations
ORICONENT,NIFTY_INDIA_MFG,Packaging - General
ORIENTALTL,NIFTY_HOUSING,Tiles & Sanitaryware
ORIENTBELL,NIFTY_HOUSING,Tiles & Sanitaryware
ORIENTCEM,NIFTY_CEMENT,Cement - Retail & Consumer
TVSHLTD,CNXFINANCE,Investment & Holding Companies
ORIENTELEC,CNXENERGY,Transformers & Switchgear
ORIENTHOT,NIFTY_IND_TOURISM,Hotels & Resorts
ORIENTLTD,NIFTY_INDIA_MFG,Flexible Packaging
ORIENTPPR,NIFTY_INDIA_MFG,Paper & Paperboard Manufacturing
ORIENTTECH,CNXIT,BPO & ITES
ORISSAMINE,CNXMETAL,Mining - Iron Ore & Minerals
ORKLAINDIA,CNXFMCG,FMCG - Food & Beverages (Branded Consumer)
ORTEL,CNXSERVICE,Telecom Services - Consumer
ORTINGLOBE,CNXPHARMA,Pharmaceutical Formulations
OSIAHYPER,NIFTY_NEW_CONSUMP,Retail - Apparel & Lifestyle (Branded Retail)
OSWALAGRO,CNXFINANCE,Investment & Holding Companies
OSWALGREEN,CNXREALTY,Real Estate Development - Commercial & Institutional
OSWALPUMPS,NIFTY_INDIA_MFG,Pumps & Valves
OSWALSEEDS,NIFTY_CHEMICALS,Agrochemicals & Crop Protection
PACEDIGITK,CNXENERGY,Renewable Energy - Solar (Private / Commercial)
PAGEIND,NIFTY_NEW_CONSUMP,Retail - Apparel & Lifestyle (Branded Retail)
PAISALO,CNXFINANCE,NBFC - Diversified/SME Lending
PAKKA,NIFTY_INDIA_MFG,Packaging - General
PALASHSECU,CNXFINANCE,Investment & Holding Companies
PALREDTEC,NIFTY_CONSR_DURBL,Consumer Durables - Branded Retail
PANACEABIO,CNXPHARMA,Biotechnology & Vaccines
RPTECH,CNXIT,IT Hardware & Networking
PANAMAPET,CNXENERGY,Transformers & Switchgear
PANSARI,CNXREALTY,Real Estate Development - Residential
PAR,CNXPHARMA,Active Pharmaceutical Ingredients (API)
PARACABLES,CNXENERGY,Wires & Cables
PARADEEP,CNXCOMMODITIES,Fertilizers
PARAGMILK,CNXFMCG,Dairy & Dairy Products
PARAS,NIFTY_IND_DEFENCE,Defence Equipment & Systems - Government
PARASPETRO,CNXFINANCE,Investment & Holding Companies
PARKHOSPS,NIFTY_HEALTHCARE,Hospitals & Healthcare Delivery - Consumer
PARKHOTELS,NIFTY_IND_TOURISM,Hotels & Resorts
PARSVNATH,CNXREALTY,Real Estate Development - Residential
PASHUPATI,NIFTY_INDIA_MFG,Cotton Spinning & Yarn
PASUPTAC,NIFTY_INDIA_MFG,Technical Textiles
PATANJALI,CNXFMCG,Edible Oil
PATELENG,CNXINFRA,EPC - Power & Infrastructure (Government)
PATELRMART,CNXFMCG,FMCG - Food & Beverages (Branded Consumer)
TCIEXP,NIFTY_TRANS_LOGIS,Logistics & Freight Services
VEEDOL,NIFTY_CHEMICALS,Specialty Chemicals
PAVNAIND,NIFTY_IND_DEFENCE,Defence Equipment & Systems - Private/OEM
PAYTM,NIFTY_IND_DIGITAL,Fintech & Digital Financial Services
PCBL,CNXAUTO,Tyres & Rubber Products
PCJEWELLER,NIFTY_NEW_CONSUMP,Gems & Jewellery - Retail & Consumer
PDMJEPAPER,NIFTY_INDIA_MFG,Paper & Paperboard Manufacturing
PDSL,NIFTY_NEW_CONSUMP,Garments & Apparel
PEARLPOLY,NIFTY_INDIA_MFG,Packaging - General
PENIND,CNXINFRA,Building Materials & Steel Products
PENINLAND,CNXREALTY,Real Estate Development - Residential
PERSISTENT,CNXIT,Software Products & SaaS
PETRONET,NIFTY_OIL_AND_GAS,Oil & Gas - Exploration & Production
PFC,CPSE,NBFC - Diversified/SME Lending
PFIZER,CNXPHARMA,Pharmaceutical Formulations
PFOCUS,CNXMEDIA,Media - Broadcasting & TV
PFS,CNXFINANCE,NBFC - Diversified/SME Lending
PGEL,NIFTY_CONSR_DURBL,Consumer Durables - OEM Supply
PGHH,NIFTY_HEALTHCARE,Healthcare - Diversified (Consumer / Retail)
PGHL,NIFTY_HEALTHCARE,Healthcare - Diversified (Consumer / Retail)
PGIL,NIFTY_NEW_CONSUMP,Garments & Apparel
PHOENIXLTD,CNXREALTY,Real Estate Development - Commercial & Institutional
PICCADIL,CNXCOMMODITIES,Sugar Manufacturing
VIKASLIFE,NIFTY_CHEMICALS,Specialty Chemicals
PIGL,CNXENERGY,Power Transmission & Distribution - Utility / Government
PIIND,NIFTY_CHEMICALS,Agrochemicals & Crop Protection
PILANIINVS,CNXFINANCE,Investment & Holding Companies
PILITA,NIFTY_CONSR_DURBL,Consumer Durables & Home Appliances
PINELABS,NIFTY_IND_DIGITAL,Fintech & Digital Financial Services
PIONEEREMB,NIFTY_INDIA_MFG,Cotton Spinning & Yarn
PIONRINV,NIFTY_CAPITAL_MKT,Stock Broking & Capital Markets
PIRAMALFIN,CNXFINANCE,NBFC - Diversified/SME Lending
PITTIENG,NIFTY_INDIA_MFG,Precision Engineering Components
PIXTRANS,CNXENERGY,Power Transmission & Distribution - Industrial
PKTEA,CNXFMCG,Tea & Coffee
VINATIORGA,NIFTY_CHEMICALS,Specialty Chemicals
PLATIND,NIFTY_CHEMICALS,Specialty Chemicals
VAML,CNXMETAL,Aluminium & Aluminium Products
PML,NIFTY_IND_DIGITAL,Fintech & Digital Financial Services
PNB,CNXPSUBANK,Banks - Retail
PNBGILTS,NIFTY_CAPITAL_MKT,Stock Broking & Capital Markets
PNBHOUSING,NIFTY_HOUSING,NBFC - Housing Finance
PNC,CNXMEDIA,Media - Broadcasting & TV
PNCINFRA,CNXINFRA,Construction - Civil & Infrastructure (Government / EPC)
PNGJL,NIFTY_NEW_CONSUMP,Gems & Jewellery - Retail & Consumer
PNGSREVA,NIFTY_NEW_CONSUMP,Gems & Jewellery - Retail & Consumer
POCL,CNXMETAL,Copper & Copper Products
PODDARMENT,NIFTY_CHEMICALS,Dyes & Pigments
POKARNA,CNXINFRA,Building Materials & Steel Products
POLICYBZR,NIFTY_IND_DIGITAL,Fintech & Digital Financial Services
POLYCAB,CNXENERGY,Wires & Cables
POLYMED,NIFTY_HEALTHCARE,Medical Devices & Equipment
POLYPLEX,NIFTY_INDIA_MFG,Flexible Packaging
PONNIERODE,CNXCOMMODITIES,Sugar Manufacturing
POONAWALLA,CNXFINANCE,NBFC - Retail Lending
POWERGRID,CPSE,Power Transmission & Distribution - Utility / Government
POWERICA,CNXENERGY,Renewable Energy - Wind
POWERINDIA,CNXENERGY,Transformers & Switchgear
POWERMECH,CNXINFRA,Infrastructure EPC & Project Management
PPAP,CNXAUTO,Auto Ancillary - General Components
PPL,CNXINFRA,Plastic Pipes
PPLPHARMA,CNXPHARMA,Contract Research & Manufacturing (CRAMS/CDMO)
PRABHA,NIFTY_OIL_AND_GAS,Oil & Gas - Exploration & Production
PRADPME,CNXMETAL,Stainless Steel
PRAENG,CNXREALTY,Real Estate Development - Residential
PRAJIND,NIFTY_INDIA_MFG,Industrial Equipment & Process Machinery
PRAKASH,CNXMETAL,Integrated Steel Producers
PRAKASHSTL,CNXMETAL,Stainless Steel
PRAVEG,NIFTY_IND_TOURISM,Hotels & Resorts
PRAXIS,NIFTY_NEW_CONSUMP,Consumer Lifestyle Products & Accessories
PRECAM,CNXAUTO,Auto Ancillary - General Components
PRECOT,NIFTY_INDIA_MFG,Cotton Spinning & Yarn
PRECWIRE,CNXMETAL,Copper & Copper Products
PREMCO,NIFTY_INDIA_MFG,Textile & Fabric Manufacturing
PREMEXPLN,NIFTY_IND_DEFENCE,Defence Electronics & Avionics - Government
PREMIER,NIFTY_INDIA_MFG,Industrial Equipment & Process Machinery
PREMIERENE,CNXENERGY,Renewable Energy - Solar (Private / Commercial)
PREMIERPOL,NIFTY_CHEMICALS,Specialty Polymers & Compounds
PRESTIGE,CNXREALTY,Real Estate Development - Residential
PRICOLLTD,NIFTY_INDIA_MFG,Electronic Components
PRIMESECU,NIFTY_CAPITAL_MKT,Asset Management (AMC) & Wealth Management - Institutional
VIDHIING,CNXFMCG,FMCG - Food & Beverages (Ingredient Supplier)
PRINCEPIPE,CNXINFRA,Plastic Pipes
PRITI,NIFTY_NEW_CONSUMP,Consumer Lifestyle Products & Accessories
RML,NIFTY_INDIA_MFG,Castings
VITAL,NIFTY_CHEMICALS,Specialty Chemicals
PROSTARM,CNXENERGY,Renewable Energy - Solar (Private / Commercial)
PROTEAN,NIFTY_IND_DIGITAL,Fintech & Digital Financial Services
PROZONER,CNXREALTY,Real Estate Development - Residential
PRSMJOHNSN,NIFTY_CEMENT,Cement - Retail & Consumer
PRUDENT,NIFTY_CAPITAL_MKT,Asset Management (AMC) & Wealth Management - Institutional
TEAMLEASE,CNXSERVICE,Staffing & HR Services
PSB,CNXPSUBANK,Banks - Retail
PSPPROJECT,CNXINFRA,EPC - Power & Infrastructure (Private)
PTC,CNXENERGY,Power Generation - Hydro
SGIL,NIFTY_INDIA_MFG,Castings
PTL,CNXFINANCE,Investment & Holding Companies
VIVIMEDLAB,NIFTY_CHEMICALS,Specialty Chemicals
PURVA,CNXREALTY,Real Estate Development - Residential
PVP,CNXREALTY,Real Estate Development - Residential
PVRINOX,NIFTY_IND_TOURISM,Leisure & Entertainment Venues (Cinema & Amusement Parks)
PVSL,CNXAUTO,Automotive Retail & Distribution
PWL,NIFTY_IND_DIGITAL,Education & EdTech - Consumer
PYRAMID,NIFTY_INDIA_MFG,Packaging - General
QMSMEDI,NIFTY_HEALTHCARE,Medical Devices & Equipment
QPOWER,CNXENERGY,Transformers & Switchgear
QUADFUTURE,NIFTY_INDIA_MFG,Engineering Solutions & System Integration
QUESS,CNXSERVICE,Staffing & HR Services
QUICKHEAL,CNXIT,IT Services & Digital Solutions
QUINT,CNXMEDIA,Media - Broadcasting & TV
RACE,CNXSERVICE,Security & Facility Management Services
RACLGEAR,CNXAUTO,Automotive Components - Engine & Drivetrain
RADAAN,CNXMEDIA,Media - Broadcasting & TV
RADHIKAJWE,NIFTY_NEW_CONSUMP,Gems & Jewellery - Retail & Consumer
RADIANTCMS,CNXSERVICE,Security & Facility Management Services
RADICO,CNXFMCG,Alcoholic Beverages
SAMBHAAV,CNXMEDIA,Media - Broadcasting & TV
RAILTEL,NIFTY_RAILWAYSPSU,Telecom Services - Enterprise
SAURASHCEM,NIFTY_CEMENT,Cement - Industrial Supply
RAINBOW,NIFTY_HEALTHCARE,Hospitals & Healthcare Delivery - Consumer
RAJESHEXPO,CNXCOMMODITIES,Gems & Jewellery - Wholesale & Export
RAJMET,CNXMETAL,Copper & Copper Products
RAJOOENG,NIFTY_INDIA_MFG,Industrial Equipment & Process Machinery
RAJPALAYAM,NIFTY_INDIA_MFG,Cotton Spinning & Yarn
RAJRATAN,CNXAUTO,Auto Ancillaries & Precision Components
RAJRILTD,NIFTY_INDIA_MFG,Cotton Spinning & Yarn
RAJSREESUG,CNXCOMMODITIES,Sugar Manufacturing
RAJTV,CNXMEDIA,Media - Broadcasting & TV
RALLIS,NIFTY_CHEMICALS,Agrochemicals & Crop Protection
RAMANEWS,NIFTY_INDIA_MFG,Paper & Paperboard Manufacturing
RAMAPHO,CNXCOMMODITIES,Fertilizers
RAMASTEEL,CNXMETAL,Steel - Long Products
SHREDIGCEM,NIFTY_CEMENT,Cement - Industrial Supply
RAMCOIND,CNXINFRA,Building Materials & Steel Products
RAMCOSYS,CNXIT,Software Products & SaaS
RAMKY,CNXINFRA,EPC - Power & Infrastructure (Government)
RAMRAT,CNXMETAL,Copper & Copper Products
RANASUG,CNXCOMMODITIES,Sugar Manufacturing
SHANTIGOLD,CNXCOMMODITIES,Gems & Jewellery - Wholesale & Export
RATEGAIN,CNXIT,Software Products & SaaS
RATNAMANI,CNXMETAL,Stainless Steel
RATNAVEER,CNXMETAL,Stainless Steel
RAYMOND,CNXREALTY,Real Estate Development - Residential
RAYMONDLSL,NIFTY_NEW_CONSUMP,Garments & Apparel
RAYMONDREL,CNXREALTY,Real Estate Development - Residential
RBA,NIFTY_IND_TOURISM,Hotels & Resorts
RBLBANK,NIFTYPVTBANK,Banks - Retail
RBZJEWEL,NIFTY_NEW_CONSUMP,Gems & Jewellery - Retail & Consumer
RCF,CPSE,Fertilizers
RCOM,CNXSERVICE,Telecom Services - Enterprise
TIGERLOGS,NIFTY_TRANS_LOGIS,Logistics & Freight Services
SMARTLINK,CNXIT,IT Hardware & Networking
REDTAPE,NIFTY_NEW_CONSUMP,Footwear - Branded Retail
REFEX,NIFTY_INDIA_MFG,Industrial Equipment & Process Machinery
REGAAL,CNXFMCG,FMCG - Food & Beverages (Ingredient Supplier)
REGENCERAM,NIFTY_HOUSING,Tiles & Sanitaryware
RELAXO,NIFTY_NEW_CONSUMP,Footwear - Branded Retail
RELCHEMQ,NIFTY_INDIA_MFG,Cotton Spinning & Yarn
RELIABLE,CNXIT,BPO & ITES
RELIANCE,NIFTY_OIL_AND_GAS,Petrochemicals
RELIGARE,CNXFINANCE,Insurance - General & Health
RELTD,CNXENERGY,Renewable Energy - Solar (Utility / Government IPP)
RELTD-RE,CNXENERGY,Renewable Energy - Solar (Utility / Government IPP)
REMSONSIND,CNXAUTO,Auto Ancillary - General Components
RENUKA,CNXFMCG,FMCG - Food & Beverages (Ingredient Supplier)
REPCOHOME,NIFTY_HOUSING,NBFC - Housing Finance
REPL,CNXINFRA,Infrastructure EPC & Project Management
TIMETECHNO,NIFTY_CHEMICALS,Specialty Polymers & Compounds
RESPONIND,NIFTY_CHEMICALS,Specialty Polymers & Compounds
RETAIL,CNXFMCG,Personal Care & Cosmetics - Branded Consumer
RGL,CNXCOMMODITIES,Gems & Jewellery - Wholesale & Export
RHETAN,CNXMETAL,Steel - Long Products
RHFL,NIFTY_HOUSING,NBFC - Housing Finance
YASHO,NIFTY_CHEMICALS,Specialty Chemicals
RHL,NIFTY_IND_TOURISM,Hotels & Resorts
WHEELS,CNXAUTO,Auto Ancillaries & Precision Components
RIIL,NIFTY_INDIA_MFG,Engineering Solutions & System Integration
PLAZACABLE,CNXENERGY,Wires & Cables
TOTAL,NIFTY_TRANS_LOGIS,Logistics & Freight Services
RITES,NIFTY_RAILWAYSPSU,Engineering Solutions & System Integration
RKDL,CNXFMCG,Alcoholic Beverages
RKEC,CNXINFRA,Infrastructure EPC & Project Management
RKFORGE,NIFTY_INDIA_MFG,Forgings
SIGNPOST,CNXSERVICE,Advertising & Marketing Services
RMC,CNXENERGY,Power Transmission & Distribution - Utility / Government
RMDRIP,CNXINFRA,Plastic Pipes
SIYSIL,NIFTY_NEW_CONSUMP,Garments & Apparel
RNBDENIMS,NIFTY_INDIA_MFG,Textile & Fabric Manufacturing
ROHLTD,NIFTY_IND_TOURISM,Hotels & Resorts
ROLEXRINGS,NIFTY_INDIA_MFG,Forgings
ROLLT,NIFTY_INDIA_MFG,Packaging - General
ROML,CNXFMCG,Edible Oil
CASTROLIND,NIFTY_CHEMICALS,Specialty Chemicals
ROSSELLIND,CNXFMCG,Tea & Coffee
ROSSTECH,NIFTY_INDIA_MFG,Precision Engineering Components
ROTO,NIFTY_INDIA_MFG,Pumps & Valves
ROUTE,CNXIT,BPO & ITES
RPEL,NIFTY_CHEMICALS,Specialty Chemicals
RPGLIFE,CNXPHARMA,Pharmaceutical Formulations
RPOWER,CNXENERGY,Power Generation - Hydro
RPPINFRA,CNXINFRA,EPC - Power & Infrastructure (Government)
RPPL,CNXFMCG,Dairy & Dairy Products
RPSGVENT,NIFTY_MID_SELECT,Diversified Conglomerate
TEJASNET,CNXIT,IT Hardware & Networking
RRIL,NIFTY_INDIA_MFG,Cotton Spinning & Yarn
RRKABEL,CNXENERGY,Wires & Cables
RSDFIN,CNXFINANCE,NBFC - Diversified/SME Lending
RSL,CNXMETAL,Steel - Long Products
RSSOFTWARE,CNXSERVICE,Consulting & Professional Services
RSWM,NIFTY_INDIA_MFG,Cotton Spinning & Yarn
RSYSTEMS,CNXIT,IT Services & Consulting
RTNINDIA,CNXENERGY,Transformers & Switchgear
RTNPOWER,CNXENERGY,Power Generation - Hydro
RUBFILA,NIFTY_CHEMICALS,Specialty Polymers & Compounds
RUBICON,CNXPHARMA,Pharmaceutical Formulations
RUBYMILLS,NIFTY_INDIA_MFG,Textile Fabrics & Weaving
RUCHINFRA,NIFTY_INFRALOG,Ports & Logistics Infrastructure
RUCHIRA,NIFTY_INDIA_MFG,Paper & Paperboard Manufacturing
RUDRA,CNXMETAL,Steel - Long Products
RUPA,NIFTY_NEW_CONSUMP,Garments & Apparel
RUSHIL,NIFTY_HOUSING,Plywood & Wood Panels
RUSTOMJEE,NIFTY_NEW_CONSUMP,Consumer Lifestyle Products & Accessories
RVHL,CNXREALTY,Real Estate Development - Residential
RVNL,NIFTY_RAILWAYSPSU,Construction - Civil & Infrastructure (Government / EPC)
RVTH,NIFTY_INDIA_MFG,Industrial Equipment & Process Machinery
S&SPOWER,CNXENERGY,Power Transmission & Distribution - Utility / Government
SAATVIKGL,CNXENERGY,Renewable Energy - Solar (Private / Commercial)
SABEVENTS,CNXSERVICE,Advertising & Marketing Services
SADBHAV,CNXINFRA,Construction - Civil & Infrastructure (Government / EPC)
SADBHIN,CNXINFRA,Construction - Civil & Infrastructure (Government / EPC)
PIDILITIND,NIFTY_CHEMICALS,Specialty Chemicals
SAFARI,NIFTY_CONSR_DURBL,Consumer Durables & Home Appliances
SAGARDEEP,CNXMETAL,Copper & Copper Products
SHREECEM,NIFTY_CEMENT,Cement - Industrial Supply
SAGILITY,NIFTY_HEALTHCARE,Healthcare - Diversified (Institutional)
SAHLIBHFI,CNXFINANCE,NBFC - Retail Lending
SAHYADRI,CNXINFRA,Building Materials & Steel Products
SAIL,CPSE,Steel - Long Products
SAILIFE,CNXPHARMA,Contract Research & Manufacturing (CRAMS/CDMO)
SAIPARENT,CNXPHARMA,Pharmaceutical Formulations
SAKAR,CNXPHARMA,Contract Research & Manufacturing (CRAMS/CDMO)
SAKHTISUG,CNXCOMMODITIES,Sugar Manufacturing
TREL,CNXREALTY,Real Estate Development - Commercial & Institutional
SAKUMA,CNXCOMMODITIES,Agri Commodities Trading
SALASAR,CNXINFRA,EPC - Power & Infrastructure (Government)
SALONA,NIFTY_INDIA_MFG,Cotton Spinning & Yarn
SALSTEEL,CNXMETAL,Steel - Long Products
SALZERELEC,CNXENERGY,Transformers & Switchgear
SILLYMONKS,CNXSERVICE,Advertising & Marketing Services
SAMBHV,CNXMETAL,Steel - Long Products
SAMHI,NIFTY_IND_TOURISM,Hotels & Resorts
SAMMAANCAP,NIFTY_HOUSING,NBFC - Housing Finance
SAMPANN,CNXAUTO,Tyres & Rubber Products
SANATHAN,NIFTY_INDIA_MFG,Cotton Spinning & Yarn
SANDESH,CNXMEDIA,Media - Print & Publishing
SANDHAR,CNXAUTO,Auto Ancillary - General Components
SANDUMA,CNXMETAL,Mining - Iron Ore & Minerals
SANGAMIND,NIFTY_INDIA_MFG,Cotton Spinning & Yarn
SANGHVIMOV,CNXINFRA,EPC - Power & Infrastructure (Private)
SANGINITA,NIFTY_CHEMICALS,Specialty Chemicals
SANOFI,CNXPHARMA,Pharmaceutical Formulations
SANOFICONR,NIFTY_HEALTHCARE,Healthcare - Diversified (Consumer / Retail)
SANSERA,NIFTY_INDIA_MFG,Forgings
SANSTAR,CNXFMCG,FMCG - Food & Beverages (Ingredient Supplier)
SANWARIA,CNXFMCG,FMCG - Food & Beverages (Ingredient Supplier)
SAPPHIRE,NIFTY_NEW_CONSUMP,QSR & Restaurants (Branded Chains)
SAPPL,NIFTY_INDIA_MFG,Paper & Paperboard Manufacturing
SARDAEN,CNXMETAL,Steel - Long Products
SAREGAMA,CNXMEDIA,Media - Broadcasting & TV
SARLAPOLY,NIFTY_INDIA_MFG,Technical Textiles
SARVESHWAR,CNXFMCG,FMCG - Food & Beverages (Branded Consumer)
SASKEN,CNXIT,IT Services & Consulting
SATIA,NIFTY_INDIA_MFG,Paper & Paperboard Manufacturing
SATIN,CNXFINANCE,NBFC - Microfinance (Retail / Direct)
THEJO,NIFTY_INDIA_MFG,Industrial Equipment & Process Machinery
SAYAJIHOTL,NIFTY_IND_TOURISM,Hotels & Resorts
SBC,NIFTY_NEW_CONSUMP,Garments & Apparel
SBCL,NIFTY_INDIA_MFG,Precision Engineering Components
SBFC,CNXFINANCE,NBFC - Diversified/SME Lending
SBGLP,CNXREALTY,Real Estate Development - Commercial & Institutional
SBICARD,CNXFINANCE,NBFC - Retail Lending
SBILIFE,CNXFINANCE,Insurance - Life (Retail / Individual)
SBIN,CNXPSUBANK,Banks - Retail
SCANSTL,CNXMETAL,Steel - Long Products
SCHAEFFLER,NIFTY_INDIA_MFG,Bearings
SCHAND,CNXMEDIA,Media - Print & Publishing
SCHNEIDER,CNXENERGY,Transformers & Switchgear
TVSSCS,NIFTY_TRANS_LOGIS,Logistics & Freight Services
SCILAL,CNXREALTY,Real Estate Development - Commercial & Institutional
SCODATUBES,CNXMETAL,Stainless Steel
SCPL,CNXFMCG,FMCG - Food & Beverages (Branded Consumer)
SDBL,CNXFMCG,Alcoholic Beverages
SEAMECLTD,NIFTY_OIL_AND_GAS,Oil & Gas - Exploration & Production
SECMARK,CNXSERVICE,Consulting & Professional Services
SECURKLOUD,CNXIT,IT Services & Consulting
SEDEMAC,CNXAUTO,Auto Ancillaries & Precision Components
SEIL,NIFTY_IND_DIGITAL,Education & EdTech - Consumer
SEJALLTD,NIFTY_HOUSING,Tiles & Sanitaryware
SELMC,NIFTY_NEW_CONSUMP,Garments & Apparel
SEMAC,CNXINFRA,EPC - Power & Infrastructure (Private)
SENCO,NIFTY_NEW_CONSUMP,Gems & Jewellery - Retail & Consumer
SENORES,CNXPHARMA,Contract Research & Manufacturing (CRAMS/CDMO)
SEPC,CNXINFRA,EPC - Power & Infrastructure (Government)
SERVOTECH,NIFTY_INDIA_MFG,Electronic Components
SESHAPAPER,NIFTY_INDIA_MFG,Paper & Paperboard Manufacturing
SETCO,CNXAUTO,Automotive Components - Engine & Drivetrain
SETL,NIFTY_INDIA_MFG,Industrial Equipment & Process Machinery
SETUINFRA,CNXINFRA,EPC - Power & Infrastructure (Government)
ELLEN,NIFTY_CHEMICALS,Industrial Gases & Chemicals
SFL,NIFTY_CONSR_DURBL,Consumer Durables & Home Appliances
UNIPARTS,CNXAUTO,Auto Ancillaries & Precision Components
SKYGOLD,CNXCOMMODITIES,Gems & Jewellery - Wholesale & Export
SGL,NIFTY_INDIA_MFG,Cotton Spinning & Yarn
SGMART,CNXINFRA,Building Materials & Steel Products
VRLLOG,NIFTY_TRANS_LOGIS,Logistics & Freight Services
SHAH,CNXMETAL,Steel - Long Products
SHAHALLOYS,CNXMETAL,Steel - Flat Products
SHAH-RE1,CNXMETAL,Steel - Long Products
SHAILY,NIFTY_CHEMICALS,Specialty Polymers & Compounds
SHAKTIPUMP,CNXINFRA,Construction - Civil & Infrastructure (Government / EPC)
SHALBY,NIFTY_HEALTHCARE,Hospitals & Healthcare Delivery - Consumer
SHALPAINTS,NIFTY_NEW_CONSUMP,Paints & Coatings - Decorative / Consumer
SHANKARA,CNXINFRA,Building Materials & Steel Products
SHANTI,CNXCOMMODITIES,Agri Commodities Trading
SHANTIGEAR,CNXENERGY,Power Transmission & Distribution - Industrial
STEELCAS,NIFTY_INDIA_MFG,Castings
SHARDACROP,NIFTY_CHEMICALS,Agrochemicals & Crop Protection
SHARDAMOTR,CNXAUTO,Auto Ancillary - General Components
SHARDUL,CNXFINANCE,Investment & Holding Companies
SHAREINDIA,NIFTY_CAPITAL_MKT,Stock Broking & Capital Markets
SHBAJRG,CNXMETAL,Steel - Long Products
SHEKHAWATI,NIFTY_INDIA_MFG,Cotton Spinning & Yarn
SHEMAROO,CNXMEDIA,Media - Broadcasting & TV
SHILCTECH,CNXENERGY,Transformers & Switchgear
SHILPAMED,CNXPHARMA,Active Pharmaceutical Ingredients (API)
SHINDL,CNXCOMMODITIES,Aquaculture & Marine Products
SHIVALIK,NIFTY_CHEMICALS,Agrochemicals & Crop Protection
SHIVAMAUTO,NIFTY_INDIA_MFG,Forgings
SHIVAMILLS,NIFTY_INDIA_MFG,Cotton Spinning & Yarn
SHIVATEX,NIFTY_INDIA_MFG,Textile & Fabric Manufacturing
SHIVAUM,CNXMETAL,Steel - Long Products
SHK,CNXFMCG,FMCG - Food & Beverages (Ingredient Supplier)
SHOPERSTOP,NIFTY_NEW_CONSUMP,Retail - Apparel & Lifestyle (Branded Retail)
SHRADHA,CNXREALTY,Real Estate Development - Residential
TNPL,NIFTY_INDIA_MFG,Paper & Paperboard Manufacturing
VISAKAIND,NIFTY_CEMENT,Cement - Industrial Supply
WCIL,NIFTY_TRANS_LOGIS,Logistics & Freight Services
SHREEPUSHK,CNXCOMMODITIES,Fertilizers
SHREERAMA,NIFTY_INDIA_MFG,Packaging - General
ETERNAL,NIFTY_INTERNET,Internet & E-commerce Platforms - Consumer
SHREYANIND,NIFTY_INDIA_MFG,Flexible Packaging
SHRIKRISH,CNXREALTY,Real Estate Development - Residential
SHRINGARMS,CNXCOMMODITIES,Gems & Jewellery - Wholesale & Export
SHRIPISTON,CNXAUTO,Automotive Components - Engine & Drivetrain
SHRIRAMFIN,CNXFINANCE,NBFC - Retail Lending
SHRIRAMPPS,CNXREALTY,Real Estate Development - Residential
SHYAMCENT,CNXMETAL,Ferro Alloys
SHYAMMETL,CNXMETAL,Steel - Long Products
SHYAMTEL,CNXIT,IT Hardware & Networking
DCW,NIFTY_CHEMICALS,Specialty Chemicals
SICALLOG,NIFTY_INFRALOG,Ports & Logistics Infrastructure
SIEMENS,CNXENERGY,Power Transmission & Distribution - Industrial
SIGACHI,CNXPHARMA,Active Pharmaceutical Ingredients (API)
SIGIND,CNXCOMMODITIES,Agri Commodities Trading
SIGMA,CNXIT,IT Services & Consulting
SIGMAADV,NIFTY_IND_DEFENCE,Defence Electronics & Avionics - Government
SIGNATURE,CNXREALTY,Real Estate Development - Residential
UFO,CNXSERVICE,Advertising & Marketing Services
SIKA,NIFTY_IND_DEFENCE,Defence Electronics & Avionics - Private/OEM
SIKKO,NIFTY_CHEMICALS,Agrochemicals & Crop Protection
SIL,CNXFINANCE,Investment & Holding Companies
SILGO,NIFTY_NEW_CONSUMP,Gems & Jewellery - Retail & Consumer
SILINV,CNXFINANCE,Investment & Holding Companies
VERTOZ,CNXSERVICE,Advertising & Marketing Services
SILVERTUC,CNXIT,IT Services & Consulting
SIMBHALS,CNXCOMMODITIES,Sugar Manufacturing
SIMPLEXINF,CNXINFRA,EPC - Power & Infrastructure (Government)
SINCLAIR,NIFTY_IND_TOURISM,Hotels & Resorts
SINDHUTRAD,NIFTY_TRANS_LOGIS,Logistics & Freight Services
SINGERIND,NIFTY_CONSR_DURBL,Consumer Durables & Home Appliances
SINTERCOM,NIFTY_INDIA_MFG,Bearings
SIRCA,NIFTY_CHEMICALS,Paints & Coatings - Industrial
SIS,CNXSERVICE,Security & Facility Management Services
SITINET,CNXMEDIA,Media - Broadcasting & TV
TAMBOLIIN,NIFTY_INDIA_MFG,Castings
SJS,CNXAUTO,Auto Ancillaries & Precision Components
SJVN,CPSE,Power Generation - Hydro
SKFINDIA,NIFTY_INDIA_MFG,Bearings
SKFINDUS,NIFTY_INDIA_MFG,Bearings
SKIPPER,CNXENERGY,Power Transmission & Distribution - Utility / Government
SKMEGGPROD,CNXFMCG,FMCG - Food & Beverages (Ingredient Supplier)
UCAL,NIFTY_INDIA_MFG,Castings
TVSELECT,CNXIT,IT Hardware & Networking
SMARTWORKS,CNXREALTY,Real Estate Development - Commercial & Institutional
SMCGLOBAL,NIFTY_CAPITAL_MKT,Stock Broking & Capital Markets
SMLMAH,CNXAUTO,Commercial Vehicles - OEM
SMLT,CNXMETAL,Ferro Alloys
SMSPHARMA,CNXPHARMA,Active Pharmaceutical Ingredients (API)
SNOWMAN,NIFTY_TRANS_LOGIS,Logistics & Freight Services
SOBHA,CNXREALTY,Real Estate Development - Residential
SOFTTECH,CNXIT,IT Services & Consulting
SOLARA,CNXPHARMA,Active Pharmaceutical Ingredients (API)
SOLARINDS,NIFTY_IND_DEFENCE,Defence Equipment & Systems - Private/OEM
SOLARWORLD,CNXENERGY,Renewable Energy - Solar (Private / Commercial)
SOLEX,CNXENERGY,Renewable Energy - Solar (Private / Commercial)
SOMANYCERA,NIFTY_HOUSING,Tiles & Sanitaryware
SOMATEX,CNXINFRA,Construction - Civil & Infrastructure (Government / EPC)
NAVKARURB,CNXINFRA,Construction - Civil & Infrastructure (Private)
SONACOMS,NIFTY_INDIA_MFG,Forgings
SONAL,NIFTY_INDIA_MFG,Packaging - General
SONAMLTD,NIFTY_NEW_CONSUMP,Consumer Lifestyle Products & Accessories
SONATSOFTW,CNXIT,IT Services & Consulting
SOTL,NIFTY_OIL_AND_GAS,Petrochemicals
SOUTHBANK,NIFTYPVTBANK,Banks - Retail
SOUTHWEST,CNXMETAL,Mining - Iron Ore & Minerals
SPAL,NIFTY_INDIA_MFG,Textile Fabrics & Weaving
SPANDANA,CNXFINANCE,NBFC - Microfinance (Retail / Direct)
SPARC,CNXPHARMA,Biotechnology & Vaccines
SPCENET,NIFTY_IND_DIGITAL,Fintech & Digital Financial Services
SPECIALITY,NIFTY_NEW_CONSUMP,QSR & Restaurants (Branded Chains)
SPECTRUM,CNXENERGY,Power Transmission & Distribution - Industrial
SPENCERS,CNXFMCG,FMCG - Food & Beverages (Branded Consumer)
SPIC,CNXCOMMODITIES,Fertilizers
SPLIL,NIFTY_INDIA_MFG,Textile Fabrics & Weaving
SPLPETRO,NIFTY_OIL_AND_GAS,Petrochemicals
SPMLINFRA,CNXENERGY,Power Transmission & Distribution - Utility / Government
SPORTKING,NIFTY_INDIA_MFG,Cotton Spinning & Yarn
SRD,NIFTY_CHEMICALS,Dyes & Pigments
SREEL,NIFTY_NEW_CONSUMP,Footwear - Branded Retail
DIAMINESQ,NIFTY_CHEMICALS,Specialty Chemicals
SRGHFL,NIFTY_HOUSING,NBFC - Housing Finance
SRHHYPOLTD,CNXINFRA,Industrial Water & Wastewater Treatment
SRM,CNXINFRA,EPC - Power & Infrastructure (Government)
SRTL,NIFTY_INDIA_MFG,Cotton Spinning & Yarn
SSDL,NIFTY_NEW_CONSUMP,Retail - Apparel & Lifestyle (Wholesale)
EUROBOND,CNXMETAL,Aluminium & Aluminium Products
DMCC,NIFTY_CHEMICALS,Specialty Chemicals
STANLEY,NIFTY_NEW_CONSUMP,Consumer Lifestyle Products & Accessories
STAR,CNXPHARMA,Contract Research & Manufacturing (CRAMS/CDMO)
STARCEMENT,NIFTY_CEMENT,Cement - Retail & Consumer
STARHEALTH,CNXFINANCE,Insurance - General & Health
STARPAPER,NIFTY_INDIA_MFG,Paper & Paperboard Manufacturing
STARTECK,CNXFINANCE,NBFC - Diversified/SME Lending
STCINDIA,CNXFINANCE,Investment & Holding Companies
UNOMINDA,CNXAUTO,Auto Ancillaries & Precision Components
STEELCITY,NIFTY_CAPITAL_MKT,Stock Broking & Capital Markets
STEELXIND,CNXMETAL,Steel - Long Products
STEL,CNXFINANCE,Investment & Holding Companies
STERTOOLS,NIFTY_INDIA_MFG,Forgings
STLNETWORK,CNXIT,IT Services & Consulting
STLTECH,CNXENERGY,Wires & Cables
STOVEKRAFT,NIFTY_CONSR_DURBL,Consumer Durables & Home Appliances
STUDDS,CNXAUTO,Auto Ancillary - General Components
STYL,NIFTY_IND_DIGITAL,BFSI Software & Fintech Platforms
STYLAMIND,NIFTY_HOUSING,Plywood & Wood Panels
STYLEBAAZA,NIFTY_NEW_CONSUMP,Retail - Apparel & Lifestyle (Branded Retail)
STYRENIX,NIFTY_CHEMICALS,Specialty Polymers & Compounds
SUBEXLTD,CNXSERVICE,Telecom Services - Enterprise
SUBROS,CNXAUTO,Automotive Components - Electrical & Electronics
SUDARCOLOR,NIFTY_CHEMICALS,Dyes & Pigments
SUDARSCHEM,NIFTY_CHEMICALS,Dyes & Pigments
SUDEEPPHRM,CNXPHARMA,Active Pharmaceutical Ingredients (API)
SUKHJITS,CNXFMCG,FMCG - Food & Beverages (Ingredient Supplier)
SULA,CNXFMCG,Alcoholic Beverages
SUMEETINDS,NIFTY_INDIA_MFG,Cotton Spinning & Yarn
SUMICHEM,NIFTY_CHEMICALS,Agrochemicals & Crop Protection
SUMIT,CNXREALTY,Real Estate Development - Residential
SUMMITSEC,CNXFINANCE,Investment & Holding Companies
GOACARBON,CNXMETAL,Graphite Electrodes & Carbon Products
SUNDARAM,NIFTY_NEW_CONSUMP,Toys & Stationery
SUNDARMFIN,CNXFINANCE,NBFC - Retail Lending
SUNDRMBRAK,CNXAUTO,Auto Ancillaries & Precision Components
SUNDRMFAST,NIFTY_INDIA_MFG,Bearings
SUNDROP,CNXFMCG,FMCG - Food & Beverages (Branded Consumer)
SUNFLAG,CNXMETAL,Steel - Long Products
SUNPHARMA,CNXPHARMA,Generic Pharmaceutical Formulations
SUNTECK,CNXREALTY,Real Estate Development - Residential
SUNTV,CNXMEDIA,Media - Broadcasting & TV
SUPERHOUSE,NIFTY_NEW_CONSUMP,Garments & Apparel
SUPERSPIN,CNXREALTY,Real Estate Development - Commercial & Institutional
SUPRAJIT,CNXAUTO,Auto Ancillaries & Precision Components
SUPREME,CNXREALTY,Real Estate Development - Residential
EXCELINDUS,NIFTY_CHEMICALS,Specialty Chemicals
SUPREMEIND,NIFTY_INDIA_MFG,Packaging - General
SUPREMEINF,CNXINFRA,EPC - Power & Infrastructure (Government)
SUPRIYA,CNXPHARMA,Active Pharmaceutical Ingredients (API)
SURAJEST,CNXREALTY,Real Estate Development - Residential
SURAJLTD,CNXMETAL,Stainless Steel
SURAKSHA,NIFTY_HEALTHCARE,Diagnostics & Pathology - Retail / Direct Consumer
SURANASOL,CNXENERGY,Renewable Energy - Solar (Private / Commercial)
SURANAT&P,CNXENERGY,Renewable Energy - Solar (Private / Commercial)
SURYALA,NIFTY_INDIA_MFG,Cotton Spinning & Yarn
SURYALAXMI,NIFTY_INDIA_MFG,Cotton Spinning & Yarn
SURYAROSNI,CNXINFRA,Building Materials & Steel Products
SURYODAY,NIFTYPVTBANK,Banks - Retail
SUTLEJTEX,NIFTY_INDIA_MFG,Cotton Spinning & Yarn
SUVEN,CNXPHARMA,Biotechnology & Vaccines
SUVIDHAA,NIFTY_IND_DIGITAL,Fintech & Digital Financial Services
SUYOG,CNXSERVICE,Telecom Services - Enterprise
SUZLON,CNXENERGY,Renewable Energy - Wind
SVLL,NIFTY_TRANS_LOGIS,Logistics & Freight Services
SVPGLOB,NIFTY_INDIA_MFG,Cotton Spinning & Yarn
SWANCORP,NIFTY_IND_DEFENCE,Defence Equipment & Systems - Private/OEM
SWANDEF,NIFTY_IND_DEFENCE,Defence Equipment & Systems - Government
SWARAJENG,CNXAUTO,Automotive Components - Engine & Drivetrain
SWELECTES,CNXENERGY,Renewable Energy - Solar (Private / Commercial)
IXIGO,NIFTY_INTERNET,Internet & E-commerce Platforms - Consumer
SWSOLAR,CNXENERGY,Renewable Energy - Solar (Private / Commercial)
SYMPHONY,NIFTY_CONSR_DURBL,Consumer Durables - Branded Retail
SYNCOMF,CNXPHARMA,Pharmaceutical Formulations
SYNGENE,CNXPHARMA,Contract Research & Manufacturing (CRAMS/CDMO)
SYRMA,NIFTY_INDIA_MFG,Electronics Manufacturing Services (EMS)
SYSTMTXC,NIFTYPVTBANK,Banks - Corporate & Institutional
TAALTECH,CNXIT,IT Services & Digital Solutions
TAINWALCHM,NIFTY_CHEMICALS,Specialty Polymers & Compounds
TAJGVK,NIFTY_IND_TOURISM,Hotels & Resorts
TAKE,CNXIT,IT Services & Consulting
TALBROAUTO,NIFTY_INDIA_MFG,Forgings
VESUVIUS,CNXMETAL,Refractories
TANLA,NIFTY_IND_DIGITAL,BFSI Software & Fintech Platforms
TARACHAND,CNXINFRA,Construction - Civil & Infrastructure (Private)
TARAPUR,CNXENERGY,Transformers & Switchgear
TARC,CNXREALTY,Real Estate Development - Residential
TARIL,CNXENERGY,Power Transmission & Distribution - Industrial
TARMAT,CNXINFRA,EPC - Power & Infrastructure (Government)
TARSONS,NIFTY_HEALTHCARE,Diagnostics & Pathology - Hospital Supply
TASTYBITE,CNXFMCG,FMCG - Food & Beverages (Branded Consumer)
TATACAP,CNXFINANCE,NBFC - Retail Lending
TATACHEM,NIFTY_CHEMICALS,Industrial Gases & Chemicals
TATACOMM,CNXSERVICE,Telecom Services - Enterprise
TATACONSUM,CNXFMCG,FMCG - Food & Beverages (Branded Consumer)
TATAELXSI,CNXIT,IT Services & Consulting
TATAINVEST,CNXFINANCE,Investment & Holding Companies
TATAPOWER,CNXENERGY,Power Generation - Hydro
TATASTEEL,CNXMETAL,Integrated Steel Producers
TATATECH,NIFTY_INDIA_MFG,Engineering Solutions & System Integration
GRAPHITE,CNXMETAL,Graphite Electrodes & Carbon Products
TBOTEK,NIFTY_INTERNET,Internet & E-commerce Platforms - SaaS
TBZ,NIFTY_NEW_CONSUMP,Gems & Jewellery - Retail & Consumer
TCC,CNXREALTY,Real Estate Development - Commercial & Institutional
MEESHO,NIFTY_INTERNET,Internet & E-commerce Platforms - Consumer
TOUCHWOOD,CNXSERVICE,Advertising & Marketing Services
TCIFINANCE,CNXFINANCE,NBFC - Diversified/SME Lending
TCPLPACK,NIFTY_INDIA_MFG,Packaging - General
TCS,CNXIT,IT Services & Consulting
TDPOWERSYS,CNXENERGY,Transformers & Switchgear
TEAMGTY,CNXFINANCE,NBFC - Diversified/SME Lending
RECLTD,CPSE,NBFC - Diversified/SME Lending
TECHM,CNXIT,IT Services & Consulting
TECHNOE,CNXENERGY,Power Transmission & Distribution - Utility / Government
TECHNVISN,CNXIT,IT Services & Consulting
TECILCHEM,NIFTY_CHEMICALS,Specialty Chemicals
TEGA,NIFTY_INDIA_MFG,Industrial Equipment & Process Machinery
UMIYA-MRO,CNXREALTY,Real Estate Development - Commercial & Institutional
TEMBO,NIFTY_INDIA_MFG,Industrial Equipment & Process Machinery
TENNIND,CNXAUTO,Auto Ancillary - General Components
TERASOFT,CNXIT,IT Services & Consulting
TEXINFRA,CNXFINANCE,Investment & Holding Companies
TEXMOPIPES,CNXINFRA,Plastic Pipes
TEXRAIL,NIFTY_INDIA_MFG,Industrial Equipment & Process Machinery
TFCILTD,CNXFINANCE,NBFC - Diversified/SME Lending
TFL,NIFTY_CAPITAL_MKT,Stock Broking & Capital Markets
TGBHOTELS,NIFTY_IND_TOURISM,Hotels & Resorts
THACKER,CNXFINANCE,Investment & Holding Companies
THAKDEV,CNXREALTY,Real Estate Development - Residential
THANGAMAYL,NIFTY_NEW_CONSUMP,Gems & Jewellery - Retail & Consumer
THEINVEST,NIFTY_CAPITAL_MKT,Stock Broking & Capital Markets
SOMICONVEY,NIFTY_INDIA_MFG,Industrial Equipment & Process Machinery
THELEELA,NIFTY_IND_TOURISM,Hotels & Resorts
THEMISMED,CNXPHARMA,Active Pharmaceutical Ingredients (API)
THERMAX,NIFTY_INDIA_MFG,Industrial Equipment & Process Machinery
THOMASCOOK,NIFTY_INTERNET,Internet & E-commerce Platforms - SaaS
THOMASCOTT,NIFTY_NEW_CONSUMP,Garments & Apparel
THYROCARE,NIFTY_HEALTHCARE,Diagnostics & Pathology - Hospital Supply
TI,CNXFMCG,Alcoholic Beverages
TICL,CNXINFRA,Infrastructure EPC & Project Management
SCI,CPSE,Logistics & Freight Services
TIIL,NIFTY_MID_SELECT,Diversified Conglomerate
TIINDIA,CNXAUTO,Auto Ancillary - General Components
TIJARIA,CNXINFRA,Plastic Pipes
TIL,NIFTY_INDIA_MFG,Industrial Equipment & Process Machinery
ALLCARGO,NIFTY_TRANS_LOGIS,Logistics & Freight Services
TIMEX,NIFTY_NEW_CONSUMP,Consumer Lifestyle Products & Accessories
TIMKEN,NIFTY_INDIA_MFG,Bearings
TINNARUBR,NIFTY_CHEMICALS,Specialty Polymers & Compounds
TIPSFILMS,CNXMEDIA,Media - Broadcasting & TV
TIPSMUSIC,CNXMEDIA,Media - Broadcasting & TV
TIRUMALCHM,NIFTY_CHEMICALS,Specialty Chemicals
TIRUPATIFL,NIFTY_INDIA_MFG,Forgings
TITAGARH,NIFTY_IND_DEFENCE,Defence Electronics & Avionics - Government
TITAN,NIFTY_NEW_CONSUMP,Gems & Jewellery - Retail & Consumer
TMB,NIFTYPVTBANK,Banks - Retail
TMCV,CNXAUTO,Commercial Vehicles - OEM
TMPV,CNXAUTO,Commercial Vehicles - OEM
TNPETRO,NIFTY_OIL_AND_GAS,Petrochemicals
ELECON,NIFTY_INDIA_MFG,Industrial Equipment & Process Machinery
TNTELE,CNXENERGY,Wires & Cables
TOKYOPLAST,NIFTY_NEW_CONSUMP,Consumer Lifestyle Products & Accessories
TOLINS,CNXAUTO,Tyres & Rubber Products
TORNTPHARM,CNXPHARMA,Pharmaceutical Formulations
TORNTPOWER,CNXENERGY,Power Generation - Hydro
DELHIVERY,NIFTY_TRANS_LOGIS,Logistics & Freight Services
DJML,CNXMEDIA,Media - Print & Publishing
TPHQ,CNXMEDIA,Media - Broadcasting & TV
TPLPLASTEH,NIFTY_INDIA_MFG,Packaging - General
TRACXN,CNXIT,Software Products & SaaS
CHEMBOND,NIFTY_CHEMICALS,Specialty Chemicals
TRANSRAILL,CNXENERGY,Power Transmission & Distribution - Utility / Government
TRANSWORLD,NIFTY_TRANS_LOGIS,Logistics & Freight Services
TRAVELFOOD,NIFTY_NEW_CONSUMP,QSR & Restaurants (Branded Chains)
TREEHOUSE,NIFTY_IND_DIGITAL,Education & EdTech - Consumer
TREJHARA,CNXIT,IT Services & Consulting
ESSARSHPNG,NIFTY_TRANS_LOGIS,Logistics & Freight Services
TRENT,NIFTY_NEW_CONSUMP,Retail - Apparel & Lifestyle (Branded Retail)
TRF,NIFTY_INDIA_MFG,Industrial Equipment & Process Machinery
CHEMBONDCH,NIFTY_CHEMICALS,Specialty Chemicals
TRIGYN,CNXIT,IT Services & Consulting
TRITURBINE,NIFTY_INDIA_MFG,Industrial Equipment & Process Machinery
TRIVENI,CNXCOMMODITIES,Sugar Manufacturing
TRU,CNXFINANCE,NBFC - Diversified/SME Lending
TRUALT,CNXCOMMODITIES,Sugar Manufacturing
TSFINV,CNXFINANCE,Investment & Holding Companies
TTKHLTCARE,NIFTY_MID_SELECT,Diversified Conglomerate
TTKPRESTIG,NIFTY_CONSR_DURBL,Consumer Durables - Branded Retail
TTL,NIFTY_INDIA_MFG,Cotton Spinning & Yarn
TTML,CNXSERVICE,Telecom Services - Enterprise
DCI,CNXIT,IT Hardware & Networking
GOYALALUM,CNXMETAL,Aluminium & Aluminium Products
TVSMOTOR,CNXAUTO,Two & Three Wheelers - OEM (Consumer)
GATEWAY,NIFTY_TRANS_LOGIS,Logistics & Freight Services
TVSSRICHAK,CNXAUTO,Tyres & Rubber Products
TVTODAY,CNXMEDIA,Media - Broadcasting & TV
TVVISION,CNXMEDIA,Media - Broadcasting & TV
UBL,CNXFMCG,Alcoholic Beverages
WALCHANNAG,NIFTY_INDIA_MFG,Industrial Equipment & Process Machinery
UCOBANK,CNXPSUBANK,Banks - Retail
UDS,CNXSERVICE,Security & Facility Management Services
UEL,CNXENERGY,Renewable Energy - Solar (Private / Commercial)
UFBL,NIFTY_IND_TOURISM,Hotels & Resorts
UFLEX,NIFTY_INDIA_MFG,Flexible Packaging
MATRIMONY,NIFTY_INTERNET,Internet & E-commerce Platforms - Consumer
UGARSUGAR,CNXCOMMODITIES,Sugar Manufacturing
UGROCAP,CNXFINANCE,NBFC - Diversified/SME Lending
UJJIVANSFB,NIFTYPVTBANK,Banks - Retail
ULTRACEMCO,NIFTY_CEMENT,Cement - Retail & Consumer
ULTRAMAR,NIFTY_CHEMICALS,Dyes & Pigments
UMAEXPORTS,CNXCOMMODITIES,Agri Commodities Trading
UMESLTD,NIFTY_IND_DIGITAL,Education & EdTech - Consumer
CNL,CNXIT,IT Hardware & Networking
UNICHEMLAB,CNXPHARMA,Pharmaceutical Formulations
UNIDT,NIFTY_INDIA_MFG,Pumps & Valves
UNIECOM,CNXIT,Software Products & SaaS
UNIENTER,CNXFINANCE,Investment & Holding Companies
UNIINFO,CNXSERVICE,Telecom Services - Enterprise
UNIMECH,NIFTY_INDIA_MFG,Precision Engineering Components
UNIONBANK,CNXPSUBANK,Banks - Retail
GICL,NIFTY_TRANS_LOGIS,Logistics & Freight Services
UNITDSPR,CNXFMCG,Alcoholic Beverages
UNITECH,CNXREALTY,Real Estate Development - Residential
UNITEDPOLY,NIFTY_INDIA_MFG,Cotton Spinning & Yarn
UNITEDTEA,CNXFMCG,Tea & Coffee
UNIVASTU,CNXINFRA,EPC - Power & Infrastructure (Government)
UNIVCABLES,CNXENERGY,Power Transmission & Distribution - Utility / Government
UNIVPHOTO,NIFTY_INDIA_MFG,Photographic & Imaging Films
DCM,CNXIT,IT Services & Consulting
UPL,NIFTY_CHEMICALS,Agrochemicals & Crop Protection
URAVIDEF,CNXAUTO,Automotive Components - Electrical & Electronics
URBANCO,NIFTY_INTERNET,Internet & E-commerce Platforms - Consumer
URJA,CNXENERGY,Renewable Energy - Solar (Private / Commercial)
USHAMART,CNXENERGY,Wires & Cables
USK,CNXINFRA,EPC - Power & Infrastructure (Government)
UTIAMC,NIFTY_CAPITAL_MKT,Asset Management (AMC) & Wealth Management - Retail
UTKARSHBNK,CNXFINANCE,NBFC - Microfinance (Retail / Direct)
UTLSOLAR,CNXENERGY,Renewable Energy - Solar (Private / Commercial)
UTTAMSUGAR,CNXCOMMODITIES,Sugar Manufacturing
UYFINCORP,CNXFINANCE,NBFC - Diversified/SME Lending
V2RETAIL,NIFTY_NEW_CONSUMP,Retail - Apparel & Lifestyle (Branded Retail)
VADILALIND,CNXFMCG,FMCG - Food & Beverages (Branded Consumer)
VAIBHAVGBL,NIFTY_NEW_CONSUMP,Gems & Jewellery - Retail & Consumer
VAISHALI,CNXPHARMA,Active Pharmaceutical Ingredients (API)
VAKRANGEE,NIFTY_INTERNET,Internet & E-commerce Platforms - Consumer
VALIANTLAB,CNXPHARMA,Active Pharmaceutical Ingredients (API)
CHEMCON,NIFTY_CHEMICALS,Specialty Chemicals
CENTEXT,CNXMETAL,Aluminium & Aluminium Products
VARDHACRLC,NIFTY_INDIA_MFG,Textile & Fabric Manufacturing
VARDMNPOLY,NIFTY_INDIA_MFG,Textile Fabrics & Weaving
VARROC,CNXAUTO,Auto Ancillary - General Components
VASCONEQ,CNXINFRA,Construction - Civil & Infrastructure (Government / EPC)
VASWANI,CNXMETAL,Integrated Steel Producers
VBL,CNXFMCG,FMCG - Food & Beverages (Branded Consumer)
VCL,NIFTY_NEW_CONSUMP,Garments & Apparel
VEDL,NIFTY_MID_SELECT,Diversified Conglomerate
VEDPOWER,CNXENERGY,Power Generation - Hydro
CHEMFAB,NIFTY_CHEMICALS,Specialty Chemicals
VELJAN,NIFTY_INDIA_MFG,Pumps & Valves
VENKEYS,CNXFMCG,FMCG - Food & Beverages (Ingredient Supplier)
VENTIVE,NIFTY_IND_TOURISM,Hotels & Resorts
VENUSPIPES,CNXMETAL,Stainless Steel
VENUSREM,CNXPHARMA,Generic Pharmaceutical Formulations
VERANDA,NIFTY_IND_DIGITAL,Education & EdTech - Consumer
SWIGGY,NIFTY_INTERNET,Internet & E-commerce Platforms - Consumer
DISAQ,NIFTY_INDIA_MFG,Industrial Equipment & Process Machinery
VETO,CNXENERGY,Transformers & Switchgear
VGL,NIFTY_INDIA_MFG,Cotton Spinning & Yarn
VGUARD,NIFTY_CONSR_DURBL,Consumer Durables - Branded Retail
VHL,CNXFINANCE,Investment & Holding Companies
VHLTD,NIFTY_IND_TOURISM,Hotels & Resorts
CMRGREEN,CNXMETAL,Aluminium & Aluminium Products
VIDYAWIRES,CNXMETAL,Copper & Copper Products
VIJAYA,NIFTY_HEALTHCARE,Diagnostics & Pathology - Retail / Direct Consumer
VIJIFIN,CNXFINANCE,NBFC - Retail Lending
VIKASECO,NIFTY_CHEMICALS,Specialty Chemicals
CLEAN,NIFTY_CHEMICALS,Specialty Chemicals
VIKRAMSOLR,CNXENERGY,Renewable Energy - Solar (Private / Commercial)
VIKRAN,CNXENERGY,Power Transmission & Distribution - Utility / Government
VIMTALABS,CNXPHARMA,Contract Research & Manufacturing (CRAMS/CDMO)
COHANCE,NIFTY_CHEMICALS,Specialty Chemicals
VINCOFE,CNXFMCG,Tea & Coffee
VINDHYATEL,CNXENERGY,Wires & Cables
VINEETLAB,CNXPHARMA,Pharmaceutical Formulations
VINNY,NIFTY_INDIA_MFG,Textile & Fabric Manufacturing
VINYLINDIA,NIFTY_CHEMICALS,Specialty Chemicals
VIPCLOTHNG,NIFTY_NEW_CONSUMP,Garments & Apparel
VIPIND,NIFTY_NEW_CONSUMP,Consumer Lifestyle Products & Accessories
VIPULLTD,CNXREALTY,Real Estate Development - Residential
VIRINCHI,NIFTY_MID_SELECT,Diversified Conglomerate
VISACHROME,CNXMETAL,Ferro Alloys
GRASIM,NIFTY_CEMENT,Cement - Industrial Supply
VISHNU,NIFTY_CHEMICALS,Dyes & Pigments
VISHWARAJ,CNXCOMMODITIES,Sugar Manufacturing
VISL,CNXMETAL,Steel - Long Products
COSMOFIRST,NIFTY_INDIA_MFG,Flexible Packaging
VIVIANA,CNXENERGY,Power Transmission & Distribution - Utility / Government
VIVIDHA,NIFTY_NEW_CONSUMP,Retail - Apparel & Lifestyle (Wholesale)
DAICHI,NIFTY_CHEMICALS,Specialty Chemicals
VIYASH,CNXPHARMA,Active Pharmaceutical Ingredients (API)
VLEGOV,CNXIT,BPO & ITES
VLSFINANCE,NIFTY_CAPITAL_MKT,Stock Broking & Capital Markets
VMART,NIFTY_NEW_CONSUMP,Retail - Apparel & Lifestyle (Branded Retail)
VMM,NIFTY_NEW_CONSUMP,Retail - Apparel & Lifestyle (Branded Retail)
VMSTMT,CNXMETAL,Steel - Long Products
VOGL,NIFTY_OIL_AND_GAS,Oil & Gas - Exploration & Production
VOLTAMP,CNXENERGY,Transformers & Switchgear
VOLTAS,NIFTY_CONSR_DURBL,Consumer Durables - Branded Retail
VPRPL,CNXINFRA,EPC - Power & Infrastructure (Government)
VRAJ,CNXMETAL,Steel - Long Products
GLOTTIS,NIFTY_TRANS_LOGIS,Logistics & Freight Services
VSSL,CNXMETAL,Steel - Long Products
VSTIND,CNXFMCG,FMCG - Food & Beverages (Branded Consumer)
VSTL,CNXINFRA,Building Materials & Steel Products
VSTTILLERS,NIFTY_CONSR_DURBL,Consumer Durables & Home Appliances
VTL,NIFTY_INDIA_MFG,Cotton Spinning & Yarn
WAAREEENER,CNXENERGY,Renewable Energy - Solar (Private / Commercial)
WAAREEINDO,CNXENERGY,Renewable Energy - Solar (Private / Commercial)
WAAREERTL,CNXENERGY,Renewable Energy - Solar (Private / Commercial)
WABAG,CNXINFRA,Industrial Water & Wastewater Treatment
WAKEFIT,NIFTY_NEW_CONSUMP,Consumer Lifestyle Products & Accessories
FOSECOIND,NIFTY_CHEMICALS,Specialty Chemicals
WANBURY,CNXPHARMA,Active Pharmaceutical Ingredients (API)
CMSINFO,CNXSERVICE,Security & Facility Management Services
WEALTH,NIFTY_CAPITAL_MKT,Asset Management (AMC) & Wealth Management - Retail
WEBELSOLAR,CNXENERGY,Renewable Energy - Solar (Private / Commercial)
WEIZMANIND,NIFTY_INDIA_MFG,Textile & Fabric Manufacturing
WEL,NIFTY_CONSR_DURBL,Consumer Durables - OEM Supply
WELCORP,CNXMETAL,Steel - Long Products
WELENT,CNXINFRA,Construction - Civil & Infrastructure (Government / EPC)
WELINV,CNXFINANCE,Investment & Holding Companies
WELSPLSOL,CNXMETAL,Steel - Long Products
WELSPUNLIV,NIFTY_INDIA_MFG,Textile & Fabric Manufacturing
WENDT,NIFTY_INDIA_MFG,Precision Engineering Components
WESTLIFE,NIFTY_NEW_CONSUMP,QSR & Restaurants (Branded Chains)
WEWIN,CNXIT,BPO & ITES
WEWORK,CNXREALTY,Real Estate Development - Commercial & Institutional
CRAFTSMAN,CNXAUTO,Auto Ancillaries & Precision Components
WHIRLPOOL,NIFTY_CONSR_DURBL,Consumer Durables - Branded Retail
WILLAMAGOR,CNXFINANCE,Investment & Holding Companies
WINDLAS,CNXPHARMA,Contract Research & Manufacturing (CRAMS/CDMO)
WINDMACHIN,NIFTY_INDIA_MFG,Industrial Equipment & Process Machinery
WINSOME,NIFTY_INDIA_MFG,Cotton Spinning & Yarn
WIPL,NIFTY_HOUSING,Plywood & Wood Panels
WIPRO,CNXIT,IT Services & Consulting
WOCKPHARMA,CNXPHARMA,Pharmaceutical Formulations
WONDERLA,NIFTY_IND_TOURISM,Leisure & Entertainment Venues (Cinema & Amusement Parks)
WORTHPERI,NIFTY_INDIA_MFG,Packaging - General
WPIL,NIFTY_INDIA_MFG,Pumps & Valves
WSI,CNXINFRA,EPC - Power & Infrastructure (Government)
WSTCSTPAPR,NIFTY_INDIA_MFG,Paper & Paperboard Manufacturing
XCHANGING,CNXIT,IT Services & Consulting
XELPMOC,CNXIT,IT Services & Digital Solutions
XPROINDIA,NIFTY_CHEMICALS,Specialty Polymers & Compounds
XTGLOBAL,CNXIT,IT Services & Consulting
DALBHARAT,NIFTY_CEMENT,Cement - Industrial Supply
YATHARTH,NIFTY_HEALTHCARE,Hospitals & Healthcare Delivery - Consumer
YATRA,NIFTY_INTERNET,Internet & E-commerce Platforms - SaaS
YESBANK,NIFTYPVTBANK,Banks - Retail
YUKEN,NIFTY_INDIA_MFG,Pumps & Valves
ZAGGLE,CNXIT,Software Products & SaaS
ZEEL,CNXMEDIA,Media - Broadcasting & TV
ZEELEARN,NIFTY_IND_DIGITAL,Education & EdTech - Consumer
ZEEMEDIA,CNXMEDIA,Media - Print & Publishing
ZENITHEXPO,NIFTY_INDIA_MFG,Textile Fabrics & Weaving
ZENITHSTL,CNXINFRA,Building Materials & Steel Products
ZENSARTECH,CNXIT,IT Services & Digital Solutions
ZENTEC,NIFTY_IND_DEFENCE,Defence Electronics & Avionics - Government
ZFCVINDIA,CNXAUTO,Auto Ancillaries & Precision Components
ZFSTEERING,CNXAUTO,Automotive Components - Engine & Drivetrain
ZIMLAB,CNXPHARMA,Contract Research & Manufacturing (CRAMS/CDMO)
ZODIAC,CNXENERGY,Renewable Energy - Solar (Private / Commercial)
ZODIACLOTH,NIFTY_NEW_CONSUMP,Retail - Apparel & Lifestyle (Branded Retail)
ZOTA,CNXPHARMA,Pharmaceutical Formulations
ZSARACOM,CNXFINANCE,Investment & Holding Companies
ZUARI,CNXCOMMODITIES,Fertilizers
ZUARIIND,CNXCOMMODITIES,Sugar Manufacturing
ZYDUSLIFE,CNXPHARMA,Pharmaceutical Formulations
ZYDUSWELL,CNXFMCG,FMCG - Food & Beverages (Branded Consumer)
IPSL,CNXSERVICE,Staffing & HR Services
MLKFOOD,CNXFMCG,Dairy & Dairy Products
REFRACTORY,CNXMETAL,Refractories
SPICEJET,NIFTY_IND_TOURISM,Airlines
SPRL,CNXMETAL,Refractories
